crab_id,event_id,survey,date_catch,station,station_name,species,species_code,sex,maturity,shell,weight_g,cw_spines_mm,cw_base_mm,carapace_length_mm,abdomen_width_mm,claw_length_mm,claw_height_mm,ovary_weight_g,eggs_raw,egg_color_raw,ovary_color_raw,condition_raw,comments,maturity_coded,ovigerous,egg_stage,abdomen_setae_dark,prior_spawn,ovary_stage,ovary_stage_rank,egg_stage_rank,gsi,limbs_missing
CR001,2020-10_BC_17,2020-10,10/17/20,BC,Boca de Cangrejos,Callinectes bocourti,bocourti,F,,hard,99.6,121,77,60,44.1,50.2,17,3.1,absent,,orange,L1,,,N,none,,N,full,3,,3.112,1
CR002,2020-10_BC_17,2020-10,10/17/20,BC,Boca de Cangrejos,Callinectes bocourti,bocourti,M,,hard,120.6,109.15,76.32,56.69,33.49,63.7,19.33,0.8,,,yellow,OK,,,,,,,medium,2,,0.663,0
CR003,2020-10_BC_17,2020-10,10/17/20,BC,Boca de Cangrejos,Callinectes bocourti,bocourti,F,mature,hard,68.8,103.78,69.34,50,36.49,40.74,13.2,,absent,,,OK,,mature,N,none,,N,,,,,0
CR004,2020-10_BC_17,2020-10,10/17/20,BC,Boca de Cangrejos,Callinectes sapidus,sapidus,F,mature,hard,,118,74.4,59,18.1,49.1,,11,absent,,orange,OK,,mature,N,none,,N,full,3,,,0
CR005,2020-10_BC_17,2020-10,10/17/20,BC,Boca de Cangrejos,Callinectes sapidus,sapidus,M,,hard,140.3,116,83,59.08,38.1,76,19.8,,,,,OK,,,,,,,,,,,0
CR006,2020-10_BC_17,2020-10,10/17/20,BC,Boca de Cangrejos,Callinectes similis,similis,M,,hard,72.7,117.27,71,49.97,32.42,57.49,15.81,,,,,OK,,,,,,,,,,,0
CR007,2020-10_AP_20,2020-10,10/20/20,AP,Luis Munoz Marin Airport,Callinectes bocourti,bocourti,F,mature,hard,71,98.2,64,51,35,44,15,3.9,absent,,dark. Orang,OK,,mature,N,none,,N,full,3,,5.493,0
CR008,2020-10_AP_20,2020-10,10/20/20,AP,Luis Munoz Marin Airport,Callinectes bocourti,bocourti,F,mature,hard,71,98.79,67.1,50.04,36,42.2,15.2,8.6,absent,,dark. Orang,OK,,mature,N,none,,N,full,3,,12.113,0
CR009,2020-10_AP_20,2020-10,10/20/20,AP,Luis Munoz Marin Airport,Callinectes bocourti,bocourti,F,mature,hard,93,112,75.4,55.41,39.1,46.7,18.12,0.6,absent,,white,OK,,mature,N,none,,N,light,1,,0.645,0
CR010,2020-10_AP_20,2020-10,10/20/20,AP,Luis Munoz Marin Airport,Callinectes bocourti,bocourti,F,mature,hard,73,105,72,53,37,46,13,7.4,absent,,dark. Orang,L1,,mature,N,none,,N,full,3,,10.137,1
CR011,2020-10_AP_20,2020-10,10/20/20,AP,Luis Munoz Marin Airport,Callinectes bocourti,bocourti,F,mature,hard,84,111,70,57,41,46,15.4,1.6,absent,,dark. Orang,"R1,L4",,mature,N,none,,N,full,3,,1.905,2
CR012,2020-10_AP_20,2020-10,10/20/20,AP,Luis Munoz Marin Airport,Callinectes bocourti,bocourti,F,mature,hard,80.3,105,63,53,38,44,14.8,1,absent,,orange,L4,,mature,N,none,,N,full,3,,1.245,1
CR013,2020-10_AP_20,2020-10,10/20/20,AP,Luis Munoz Marin Airport,Callinectes bocourti,bocourti,F,,hard,,,,,,,,0.4,"Eyed,",,light orange,OK,,,Y,black (eyed),,N,medium,2,4,,0
CR014,2020-10_AP_20,2020-10,10/20/20,AP,Luis Munoz Marin Airport,Callinectes bocourti,bocourti,F,mature,hard,64,89.2,60,48.2,32,41,15.2,0.8,absent,,orange,"R1,L5",,mature,N,none,,N,full,3,,1.25,2
CR015,2020-10_AP_20,2020-10,10/20/20,AP,Luis Munoz Marin Airport,Callinectes bocourti,bocourti,F,mature,hard,72,95,57,49,34,43.2,13,0.7,Hatching,,light orange,OK,,mature,Y,black (eyed),,N,medium,2,4,0.972,0
CR016,2020-10_AP_20,2020-10,10/20/20,AP,Luis Munoz Marin Airport,Callinectes ornatus,ornatus,F,mature,hard,60.4,95.5,64,49.2,36.1,44,14,0.2,absent,,light orange,"L1,R3",,mature,N,none,,N,medium,2,,0.331,2
CR017,2020-10_AP_20,2020-10,10/20/20,AP,Luis Munoz Marin Airport,Callinectes sapidus,sapidus,M,,hard,102.8,115,73.4,57.67,35,62,19.22,,,,,OK,,,,,,,,,,,0
CR018,2020-10_AP_20,2020-10,10/20/20,AP,Luis Munoz Marin Airport,Callinectes sapidus,sapidus,F,mature,hard,94.4,125.42,75,56.11,41.4,50,16.6,7,absent,,orange,R3,,mature,N,none,,N,full,3,,7.415,1
CR019,2020-10_AP_20,2020-10,10/20/20,AP,Luis Munoz Marin Airport,Callinectes sapidus,sapidus,F,mature,hard,132,134.17,79.61,60.76,44,57,19.4,4.2,absent,,dark. Orang,R3,,mature,N,none,,N,full,3,,3.182,1
CR020,2020-10_AP_20,2020-10,10/20/20,AP,Luis Munoz Marin Airport,Callinectes sapidus,sapidus,F,mature,hard,124,117,76,61,41.2,57,21,1.8,absent,,light orange,OK,,mature,N,none,,N,medium,2,,1.452,0
CR021,2020-10_AP_20,2020-10,10/20/20,AP,Luis Munoz Marin Airport,Callinectes sapidus,sapidus,F,mature,hard,86,114,72.44,53,39.3,46,19.4,,absent,,dark. Orang,R5,,mature,N,none,,N,full,3,,,1
CR022,2020-10_AP_20,2020-10,10/20/20,AP,Luis Munoz Marin Airport,Callinectes sapidus,sapidus,F,,hard,77,108,65,51.2,35.3,45,17,1.7,Empty egg cases,,orange,OK,,,N,none,,Y,full,3,,2.208,0
CR023,2020-10_AP_20,2020-10,10/20/20,AP,Luis Munoz Marin Airport,Callinectes sapidus,sapidus,F,mature,hard,95,120,71,55.5,41,49,20,3.7,absent,,orange,OK,,mature,N,none,,N,full,3,,3.895,0
CR024,2020-10_AP_20,2020-10,10/20/20,AP,Luis Munoz Marin Airport,Callinectes sapidus,sapidus,F,mature,hard,65,106,68,49.77,36,44,17,0.5,absent,,orange,"L1,R4",,mature,N,none,,N,full,3,,0.769,2
CR025,2020-10_AP_20,2020-10,10/20/20,AP,Luis Munoz Marin Airport,Callinectes sapidus,sapidus,F,mature,hard,109,127,84.3,61,44,,,1.5,absent,,ora,"R1,L1",,mature,N,none,,N,full,3,,1.376,2
CR026,2020-10_AP_20,2020-10,10/20/20,AP,Luis Munoz Marin Airport,Callinectes sapidus,sapidus,F,mature,hard,62,109,72,51,37,45,16,0.2,Empty egg cases,,white,OK,,mature,N,none,,Y,light,1,,0.323,0
CR027,2020-10_AP_20,2020-10,10/20/20,AP,Luis Munoz Marin Airport,Callinectes sapidus,sapidus,F,mature,hard,111,126,76,59,42.3,55,21,1.8,Empty egg cases,,orange,"R1,2",,mature,N,none,,Y,full,3,,1.622,2
CR028,2020-10_AP_20,2020-10,10/20/20,AP,Luis Munoz Marin Airport,Callinectes sapidus,sapidus,F,mature,hard,87.1,112,68,54,38.1,47.2,15.6,3.7,absent,,orange,OK,,mature,N,none,,N,full,3,,4.248,0
CR029,2020-10_BC_20,2020-10,10/20/20,BC,Boca de Cangrejos,Callinectes bocourti,bocourti,M,,hard,111.5,117.2,84,60.47,35.4,67,18.73,,,,,OK,,,,,,,,,,,0
CR030,2020-10_BC_20,2020-10,10/20/20,BC,Boca de Cangrejos,Callinectes exasperatus,exasperatus,M,,hard,138.6,104,71.5,58,33.15,67,22.5,,,,,R5,,,,,,,,,,,1
CR031,2020-10_BC_20,2020-10,10/20/20,BC,Boca de Cangrejos,Callinectes exasperatus,exasperatus,M,,hard,80,102.4,73,56,31.6,64,22.3,,,,,"R2, L3",,,,,,,,,,,2
CR032,2020-10_BC_20,2020-10,10/20/20,BC,Boca de Cangrejos,Callinectes larvatus,larvatus,M,,hard,82.5,107.24,64.78,47.7,31,57.2,23.26,,,,,"R2,R3 L1",,,,,,,,,,,3
CR033,2020-10_BC_20,2020-10,10/20/20,BC,Boca de Cangrejos,Callinectes larvatus,larvatus,M,,hard,98.7,103.26,59,49,30.21,58.1,24.18,,,,,L4,,,,,,,,,,,1
CR034,2020-10_BC_20,2020-10,10/20/20,BC,Boca de Cangrejos,Callinectes sapidus,sapidus,F,mature,hard,86.19,116.43,93.18,53.28,37.98,46.81,15.22,1.33,absent,,orange,R1,DY17,mature,N,none,,N,full,3,,1.543,1
CR035,2020-10_BC_20,2020-10,10/20/20,BC,Boca de Cangrejos,Callinectes similis,similis,F,,hard,89.25,115.22,93.63,52.35,36.64,51.68,16.77,9.01,no old ones,,orange,OK,AP7,,N,none,,N,full,3,,10.095,0
CR036,2020-10_BC_20,2020-10,10/20/20,BC,Boca de Cangrejos,Callinectes similis,similis,M,,hard,58.13,105.42,77.16,47.14,28.6,49.24,13.23,,,,,,AP1,,,,,,,,,,0
CR037,2020-10_DY_20,2020-10,10/20/20,DY,Suarez Channel,Callinectes bocourti,bocourti,F,mature,hard,101.8,101.58,63.43,54.5,36.5,49.2,16.96,0.6,embryo stage,,yellow- pink,OK,,mature,Y,,,N,,,,0.589,0
CR038,2020-10_DY_20,2020-10,10/20/20,DY,Suarez Channel,Callinectes bocourti,bocourti,M,,hard,120.6,107.2,77.04,60.29,35.02,65.6,18.9,,,,,OK,,,,,,,,,,,0
CR039,2020-10_DY_20,2020-10,10/20/20,DY,Suarez Channel,Callinectes bocourti,bocourti,M,,hard,70.2,98.47,60,53,32,57,18,,,,,OK,,,,,,,,,,,0
CR040,2020-10_DY_20,2020-10,10/20/20,DY,Suarez Channel,Callinectes ornatus,ornatus,F,,hard,65.92,95.01,79.16,49.04,32.02,43.28,12.71,1.45,old eggs on apron,,orange,R1,AP5,,N,none,,Y,full,3,,2.2,1
CR041,2020-10_DY_20,2020-10,10/20/20,DY,Suarez Channel,Callinectes ornatus,ornatus,F,,hard,148.59,115.24,97.62,58.95,41.44,57.32,19.6,0.9,huge sponge,,beige,OK,BC,,Y,,,N,light,1,,0.606,0
CR042,2020-10_DY_20,2020-10,10/20/20,DY,Suarez Channel,Callinectes sapidus,sapidus,M,,hard,92.1,106,67.04,51,31.45,58.6,19.9,,,,,defoRmed,,,,,,,,,,,0
CR043,2020-10_DY_20,2020-10,10/20/20,DY,Suarez Channel,Callinectes sapidus,sapidus,F,,hard,67.25,118.85,88.19,55.09,36.82,49.91,16.77,6.59,no old,,orange,"R1, R3, L2",,,N,none,,N,full,3,,9.799,3
CR044,2020-10_DY_20,2020-10,10/20/20,DY,Suarez Channel,Callinectes similis,similis,M,,hard,113.1,129.19,74.6,56,35.2,69.7,16.7,,,,,OK,,,,,,,,,,,0
CR045,2020-10_DY_20,2020-10,10/20/20,DY,Suarez Channel,Callinectes similis,similis,M,,hard,66.7,107.53,68.21,48,28.52,54.39,14.88,,,,,OK,,,,,,,,,,,0
CR046,2020-10_DY_20,2020-10,10/20/20,DY,Suarez Channel,Callinectes similis,similis,M,,hard,80,111,62.5,48.5,31.3,58,17,,,,,OK,,,,,,,,,,,0
CR047,2020-10_DY_20,2020-10,10/20/20,DY,Suarez Channel,Callinectes similis,similis,M,,hard,86.7,118,68,51.4,31.2,59.4,17,,,,,OK,,,,,,,,,,,0
CR048,2020-10_IM_20,2020-10,10/20/20,IM,Isla Mosquito,Callinectes bocourti,bocourti,F,,hard,103,98,60.3,51,37,44.3,17.3,0.8,Eyed,,light orange,OK,,,Y,black (eyed),,N,medium,2,4,0.777,0
CR049,2020-10_IM_20,2020-10,10/20/20,IM,Isla Mosquito,Callinectes bocourti,bocourti,F,mature,hard,59.46,98.47,80.4,48.44,35.46,39.48,12.59,1.13,just released,,light orange,R1,DY16,mature,N,none,,Y,medium,2,,1.9,1
CR050,2020-10_IM_20,2020-10,10/20/20,IM,Isla Mosquito,Callinectes bocourti,bocourti,F,mature,hard,53.91,92.77,76.54,47.47,33.09,36.97,13.15,0.87,eyed,,beige,"R4,R5,L3L5",BC3,mature,Y,black (eyed),,N,light,1,4,1.614,4
CR051,2020-10_IM_20,2020-10,10/20/20,IM,Isla Mosquito,Callinectes ornatus,ornatus,F,,hard,159.79,125.8,106.32,65.93,46.31,63.21,20.97,4.95,no old ones,,orang,OK,DY5,,N,none,,N,full,3,,3.098,0
CR052,2020-10_IM_20,2020-10,10/20/20,IM,Isla Mosquito,Callinectes sapidus,sapidus,F,mature,hard,89,111,66,53,38.2,47,17,1,embryo stage,,light orange,OK,,mature,Y,,,N,medium,2,,1.124,0
CR053,2020-10_IM_20,2020-10,10/20/20,IM,Isla Mosquito,Callinectes sapidus,sapidus,F,mature,hard,71.2,107,59.22,49,37.5,45,16,2.7,absent,,dark. Orang,L4,,mature,N,none,,N,full,3,,3.792,1
CR054,2020-10_IM_20,2020-10,10/20/20,IM,Isla Mosquito,Callinectes sapidus,sapidus,F,,hard,83.67,114.4,90.54,53.96,37.74,,,0.46,med spnge dark,,beige,"R1, L1",AP6,,Y,black (eyed),,N,light,1,4,0.55,2
CR055,2020-10_AP_21,2020-10,10/21/20,AP,Luis Munoz Marin Airport,Callinectes bocourti,bocourti,F,mature,hard,73.57,114.8,93.09,55.35,41.1,,,1.2,OLD eggs on apron,,light orange,"R1R3,R4, L1. BIT FIN LEG",AP16,mature,N,none,,Y,medium,2,,1.631,4
CR056,2020-10_AP_21,2020-10,10/21/20,AP,Luis Munoz Marin Airport,Callinectes bocourti,bocourti,F,mature,hard,54.13,97.63,80,48.38,36.26,38.63,12.01,0.38,absent,,beige,R1,IM,mature,N,none,,N,light,1,,0.702,1
CR057,2020-10_AP_21,2020-10,10/21/20,AP,Luis Munoz Marin Airport,Callinectes bocourti,bocourti,F,mature,hard,74.23,102.46,84.07,51.67,36.3,43.02,14.11,2.76,absent,,beige,OK,DY2,mature,N,none,,N,light,1,,3.718,0
CR058,2020-10_AP_21,2020-10,10/21/20,AP,Luis Munoz Marin Airport,Callinectes bocourti,bocourti,F,,hard,,,56,,,,,,,N/A,,OK,AP10,,,,,,,,,,0
CR059,2020-10_AP_21,2020-10,10/21/20,AP,Luis Munoz Marin Airport,Callinectes bocourti,bocourti,F,,hard,,,56,,,,,,,,,OK,,,,,,,,,,,0
CR060,2020-10_AP_21,2020-10,10/21/20,AP,Luis Munoz Marin Airport,Callinectes ornatus,ornatus,F,,hard,151.02,132.57,107.54,63.11,44.55,64.6,22.52,5.3,yes,,lt org,OK,,,Y,,,N,medium,2,,3.509,0
CR061,2020-10_AP_21,2020-10,10/21/20,AP,Luis Munoz Marin Airport,Callinectes ornatus,ornatus,F,,hard,79.16,110.01,87.58,51.81,34.86,46.25,16.46,1.2,no old ones,,orange,OK,,,N,none,,N,full,3,,1.516,0
CR062,2020-10_AP_21,2020-10,10/21/20,AP,Luis Munoz Marin Airport,Callinectes sapidus,sapidus,F,mature,hard,115.6,122.92,99.26,57.92,41.29,55.42,20.43,15.76,no old,,orange,OK,,mature,N,none,,N,full,3,,13.633,0
CR063,2020-10_AP_21,2020-10,10/21/20,AP,Luis Munoz Marin Airport,Callinectes sapidus,sapidus,F,,hard,128.09,128.09,97.78,57.81,38.42,56.44,19.87,0.26,,,lyellow beige,OK,,,,,,,light,1,,0.203,0
CR064,2020-10_AP_21,2020-10,10/21/20,AP,Luis Munoz Marin Airport,Callinectes sapidus,sapidus,F,,hard,124.37,125.56,103.45,59.1,40.85,56.66,20.76,2.07,no old ones,,orange,OK,,,N,none,,N,full,3,,1.664,0
CR065,2020-10_AP_21,2020-10,10/21/20,AP,Luis Munoz Marin Airport,Callinectes sapidus,sapidus,F,,hard,110.76,130.41,103.83,61.89,43.35,56.98,18.87,11.27,no old ones,,orange,R1,,,N,none,,N,full,3,,10.175,1
CR066,2020-10_AP_21,2020-10,10/21/20,AP,Luis Munoz Marin Airport,Callinectes sapidus,sapidus,F,,hard,97.34,116.75,90.3,53.17,38.08,48.9,14.85,0.73,med spnge dark,,lt orange,OK,AP14,,Y,black (eyed),,N,medium,2,4,0.75,0
CR067,2020-10_AP_21,2020-10,10/21/20,AP,Luis Munoz Marin Airport,Callinectes sapidus,sapidus,F,mature,hard,101.57,123.22,96.32,56.62,40.68,50.72,16.52,9.34,absent,,orange,R2,BC,mature,N,none,,N,full,3,,9.196,1
CR068,2020-10_AP_21,2020-10,10/21/20,AP,Luis Munoz Marin Airport,Callinectes sapidus,sapidus,F,mature,hard,106.21,123.65,123.22,57.67,41.08,53.89,18.56,2.82,absent,,orange,OK,BC,mature,N,none,,N,full,3,,2.655,0
CR069,2020-10_AP_21,2020-10,10/21/20,AP,Luis Munoz Marin Airport,Callinectes sapidus,sapidus,M,,hard,4.23,43.39,,20.63,12.49,16.82,4.67,,,,,,AP2,,,,,,,,,,0
CR070,2020-10_AP_21,2020-10,10/21/20,AP,Luis Munoz Marin Airport,Callinectes sapidus,sapidus,F,,hard,109.36,118.3,96.36,59.24,43.54,52.81,20.89,,,,,-,,,,,,,,,,,0
CR071,2020-10_AP_21,2020-10,10/21/20,AP,Luis Munoz Marin Airport,Callinectes similis,similis,F,,hard,98.09,110.11,92.06,55.31,37.72,53.87,19.36,3.85,old eggs on apron,,orange,OK,AP13,,N,none,,Y,full,3,,3.925,0
CR072,2020-10_AP_21,2020-10,10/21/20,AP,Luis Munoz Marin Airport,Callinectes similis,similis,M,,hard,75.71,106.9,81.23,49.17,31.7,53.17,17.01,,,,,,AP,,,,,,,,,,0
CR073,2020-10_BC_21,2020-10,10/21/20,BC,Boca de Cangrejos,Callinectes larvatus,larvatus,F,immature,hard,16.475,61.42,51.11,29.42,20,27.07,10.97,,cant open abdomen,,,,BC,immature,,,,,,,,,0
CR074,2020-10_BC_21,2020-10,10/21/20,BC,Boca de Cangrejos,Callinectes larvatus,larvatus,M,,hard,60.92,88.88,73.85,43.43,26.89,48.74,18.79,,,,,,BC,,,,,,,,,,0
CR075,2020-10_BC_21,2020-10,10/21/20,BC,Boca de Cangrejos,Callinectes sapidus,sapidus,F,mature,hard,76.93,111.28,88.42,51.71,36.91,45.23,15.39,3.88,absent,,orange,OK,AP3,mature,N,none,,N,full,3,,5.044,0
CR076,2020-10_BC_21,2020-10,10/21/20,BC,Boca de Cangrejos,Callinectes similis,similis,M,,hard,101.71,125.57,95.87,56.11,36.08,64.21,19.22,,,,,,BC5,,,,,,,,,,0
CR077,2020-10_BC_21,2020-10,10/21/20,BC,Boca de Cangrejos,Callinectes similis,similis,M,,hard,76.36,109.78,82.44,47.84,31.03,53.9,14.48,,,,,,,,,,,,,,,,0
CR078,2020-10_DY_21,2020-10,10/21/20,DY,Suarez Channel,Callinectes bocourti,bocourti,F,mature,hard,90.11,117.58,96.6,58.29,41.52,,,1.62,absent,,dark. Orang,"R1,L1,R4",AP,mature,N,none,,N,full,3,,1.798,3
CR079,2020-10_DY_21,2020-10,10/21/20,DY,Suarez Channel,Callinectes ornatus,ornatus,F,,hard,87.74,100.15,84.6,51.11,35.23,46.14,16.25,0.52,yes,,lt org,OK,,,Y,,,N,medium,2,,0.593,0
CR080,2020-10_DY_21,2020-10,10/21/20,DY,Suarez Channel,Callinectes ornatus,ornatus,F,,hard,72.34,98.2,79.82,48.83,33.18,46.7,13.19,1.11,med spnge dark,,orange,R1,AP15,,Y,black (eyed),,N,full,3,4,1.534,1
CR081,2020-10_DY_21,2020-10,10/21/20,DY,Suarez Channel,Callinectes sapidus,sapidus,F,,hard,109.47,119.27,97.64,56.25,40.1,55.44,18.46,6.71,,,orang,R2 L1,,,,,,,full,3,,6.13,2
CR082,2020-10_DY_21,2020-10,10/21/20,DY,Suarez Channel,Callinectes sapidus,sapidus,F,mature,hard,129.54,132.83,102.68,59.42,43.73,53.54,19.77,5.55,absent,,orange,OK,AP9,mature,N,none,,N,full,3,,4.284,0
CR083,2020-10_DY_21,2020-10,10/21/20,DY,Suarez Channel,Callinectes sapidus,sapidus,F,mature,hard,91.18,107.8,86.51,50.69,36.42,50.11,17.41,0.94,Eyed,,orange,OK,AP12,mature,Y,black (eyed),,N,full,3,4,1.031,0
CR084,2020-10_DY_21,2020-10,10/21/20,DY,Suarez Channel,Callinectes sapidus,sapidus,F,mature,hard,76.26,118.35,93.62,54.1,40.55,,,1.92,absent,,orange,"R1,L1,L4",IM,mature,N,none,,N,full,3,,2.518,3
CR085,2020-10_DY_21,2020-10,10/21/20,DY,Suarez Channel,Callinectes similis,similis,F,,hard,,,,,,,,,,N/A,,OK,DY,,,,,,,,,,0
CR086,2020-10_DY_21,2020-10,10/21/20,DY,Suarez Channel,Callinectes similis,similis,F,,hard,,,,,,,,,,,,OK,,,,,,,,,,,0
CR087,2020-10_IM_21,2020-10,10/21/20,IM,Isla Mosquito,Callinectes bocourti,bocourti,F,mature,hard,68.92,96.01,80.8,49.4,36.22,43.96,14.44,4.3,absent,,orange,OK,DY2,mature,N,none,,N,full,3,,6.239,0
CR088,2020-10_IM_21,2020-10,10/21/20,IM,Isla Mosquito,Callinectes bocourti,bocourti,M,,hard,180.5,117.02,106.03,66.43,38.58,75.16,22.43,,,,,,DY6,,,,,,,,,,0
CR089,2020-10_IM_21,2020-10,10/21/20,IM,Isla Mosquito,Callinectes bocourti,bocourti,M,,hard,131.58,106.92,95.07,60.17,35.43,68.07,19.46,,,,,,,,,,,,,,,,0
CR090,2020-10_IM_21,2020-10,10/21/20,IM,Isla Mosquito,Callinectes ornatus,ornatus,M,,hard,64.67,106.74,80.36,46.43,28.32,54.68,16.27,,,,,,IM,,,,,,,,,,0
CR091,2021-01_AP_19,2021-01,1/19/21,AP,Luis Munoz Marin Airport,Callinectes bocourti,bocourti,F,mature,hard,104,100.21,88.34,52.94,37.49,50.32,18.95,4.87,N,NONE,ORANGE,,,mature,N,none,N,N,full,3,,4.683,0
CR092,2021-01_AP_19,2021-01,1/19/21,AP,Luis Munoz Marin Airport,Callinectes bocourti,bocourti,F,mature,hard,85,78.94,74.41,49.49,34.39,48.74,15.54,1.87,N,NONE,ORANGE,-,( MISSING ONE SPINE),mature,N,none,N,N,full,3,,2.2,0
CR093,2021-01_AP_19,2021-01,1/19/21,AP,Luis Munoz Marin Airport,Callinectes sapidus,sapidus,F,mature,hard,83,114.64,91.35,52.07,38.79,49.8,15.85,0.39,N,BLACK,ORANGE,R2,,mature,N,none,Y,N,full,3,,0.47,1
CR094,2021-01_AP_19,2021-01,1/19/21,AP,Luis Munoz Marin Airport,Callinectes sapidus,sapidus,F,mature,hard,65,113.8,88.23,51.84,38.31,44.79,16.19,2.33,N,BLACK,ORANGE,-,,mature,N,none,Y,N,full,3,,3.585,0
CR095,2021-01_BC_19,2021-01,1/19/21,BC,Boca de Cangrejos,Callinectes exasperatus,exasperatus,F,mature,hard,87,98.82,86.39,52.93,36.87,53.01,19.4,3.08,N,BLACK,ORANGE,R5,,mature,N,none,Y,N,full,3,,3.54,1
CR096,2021-01_BC_19,2021-01,1/19/21,BC,Boca de Cangrejos,Charybdis helleri,helleri,M,mature,hard,90.05,75.77,70.24,49.26,23.79,56.44,24.74,,N,N/A,N/A,R1 -L5,,mature,N,none,,N,,,,,2
CR097,2021-01_BC_19,2021-01,1/19/21,BC,Boca de Cangrejos,Callinectes larvatus,larvatus,M,mature,hard,72.34,102.11,83.44,46.25,30.13,57.13,19.91,,N,N/A,N/A,-,,mature,N,none,,N,,,,,0
CR098,2021-01_BC_19,2021-01,1/19/21,BC,Boca de Cangrejos,Callinectes larvatus,larvatus,M,mature,hard,78.8,97.1,78.82,46.08,28.75,56.96,19.9,,N,N/A,N/A,-,,mature,N,none,,N,,,,,0
CR099,2021-01_BC_19,2021-01,1/19/21,BC,Boca de Cangrejos,Callinectes ornatus,ornatus,F,mature,hard,58.2,98.91,78.49,46.4,33.98,45.09,16.11,1.13,N,NONE,ORANGE,-,,mature,N,none,N,N,full,3,,1.942,0
CR100,2021-01_IM_19,2021-01,1/19/21,IM,Isla Mosquito,Callinectes bocourti,bocourti,M,mature,hard,153.67,114.16,99.73,63.18,37.1,75.18,19.91,,N,N/A,N/A,-,,mature,N,none,,N,,,,,0
CR101,2021-01_IM_19,2021-01,1/19/21,IM,Isla Mosquito,Callinectes bocourti,bocourti,M,mature,hard,146.06,108.2,95.62,61.25,37.12,75.12,18.75,,N,N/A,N/A,L3,,mature,N,none,,N,,,,,1
CR102,2021-01_IM_19,2021-01,1/19/21,IM,Isla Mosquito,Callinectes bocourti,bocourti,M,mature,hard,140.33,106.1,94.34,60.97,35.96,74.03,21.96,,N,N/A,N/A,-,,mature,N,none,,N,,,,,0
CR103,2021-01_IM_19,2021-01,1/19/21,IM,Isla Mosquito,Callinectes bocourti,bocourti,F,mature,hard,68.7,100.56,82.48,51.17,37.07,44.52,12.3,5,N,NONE,ORANGE,"L1,3,4 - R3",,mature,N,none,N,N,full,3,,7.278,4
CR104,2021-01_AP_20,2021-01,1/20/21,AP,Luis Munoz Marin Airport,Callinectes bocourti,bocourti,F,mature,hard,84.5,101,89,57,36,53,17,6.2,N,NONE,WHITE,DefoRmed fin,,mature,N,none,N,N,light,1,,7.337,0
CR105,2021-01_AP_20,2021-01,1/20/21,AP,Luis Munoz Marin Airport,Callinectes bocourti,bocourti,F,mature,hard,69,95.72,80.1,51.07,34.42,44.2,14.07,0.49,N,BLACK,BEIGE,"R1,4 - L1",,mature,N,none,Y,N,light,1,,0.71,3
CR106,2021-01_AP_20,2021-01,1/20/21,AP,Luis Munoz Marin Airport,Callinectes bocourti,bocourti,F,mature,hard,56.65,86,76,46,32,45,14,0.05,N,NONE,BEIGE,L1,,mature,N,none,N,N,light,1,,0.088,1
CR107,2021-01_AP_20,2021-01,1/20/21,AP,Luis Munoz Marin Airport,Callinectes sapidus,sapidus,F,mature,hard,167.63,141,115,66,47,65,22,15.03,N,NONE,ORANGE,-,,mature,N,none,N,N,full,3,,8.966,0
CR108,2021-01_AP_20,2021-01,1/20/21,AP,Luis Munoz Marin Airport,Callinectes sapidus,sapidus,F,mature,hard,129,136.52,106.45,62.37,45.46,56.57,17.67,1.03,N,BLACK,BEIGE,-,,mature,N,none,Y,N,light,1,,0.798,0
CR109,2021-01_AP_20,2021-01,1/20/21,AP,Luis Munoz Marin Airport,Callinectes sapidus,sapidus,M,mature,hard,170.67,132,109,65,40,73,24,,N,NONE,BEIGE,-,,mature,N,none,N,N,light,1,,,0
CR110,2021-01_AP_20,2021-01,1/20/21,AP,Luis Munoz Marin Airport,Callinectes sapidus,sapidus,F,mature,hard,135.42,130,105,65,43,58,23,8.34,N,NONE,DARK ORANGE,"L1,2,3",,mature,N,none,N,N,full,3,,6.159,3
CR111,2021-01_AP_20,2021-01,1/20/21,AP,Luis Munoz Marin Airport,Callinectes sapidus,sapidus,F,mature,hard,107.07,130,103,64,42,59,18,2.88,OLD,PRIOR SPAWN,PRIOR SPAWN,-,,mature,N,none,,Y,,,,2.69,0
CR112,2021-01_AP_20,2021-01,1/20/21,AP,Luis Munoz Marin Airport,Callinectes sapidus,sapidus,F,mature,hard,130.35,128,108,66,45,61,20,8.34,N,NONE,BEIGE,-,,mature,N,none,N,N,light,1,,6.398,0
CR113,2021-01_AP_20,2021-01,1/20/21,AP,Luis Munoz Marin Airport,Callinectes sapidus,sapidus,F,mature,hard,102.57,126,105,60,42,54,16,1.57,N,NONE,ORANGE,-,,mature,N,none,N,N,full,3,,1.531,0
CR114,2021-01_AP_20,2021-01,1/20/21,AP,Luis Munoz Marin Airport,Callinectes sapidus,sapidus,F,mature,hard,121.2,126,105,60,43,65,20,5.89,N,NONE,ORANGE,-,,mature,N,none,N,N,full,3,,4.86,0
CR115,2021-01_AP_20,2021-01,1/20/21,AP,Luis Munoz Marin Airport,Callinectes sapidus,sapidus,F,mature,hard,103.44,125,103,60,43,60,16,5.07,N,NONE,ORANGE,L1,,mature,N,none,N,N,full,3,,4.901,1
CR116,2021-01_AP_20,2021-01,1/20/21,AP,Luis Munoz Marin Airport,Callinectes sapidus,sapidus,F,mature,hard,128.23,125,97,55,40,55,20,0.03,M,ORANGE,ORANGE,L1,,mature,Y,orange,,N,full,3,1,0.023,1
CR117,2021-01_AP_20,2021-01,1/20/21,AP,Luis Munoz Marin Airport,Callinectes sapidus,sapidus,F,mature,hard,116,123.74,101.18,57.25,42.43,51.85,17.47,7.65,N,BLACK,ORANGE,R1,,mature,N,none,Y,N,full,3,,6.595,1
CR118,2021-01_AP_20,2021-01,1/20/21,AP,Luis Munoz Marin Airport,Callinectes sapidus,sapidus,F,mature,hard,91.13,123,95,56,40,55,19,4.72,N,BLACK,ORANGE,-,,mature,N,none,Y,N,full,3,,5.179,0
CR119,2021-01_AP_20,2021-01,1/20/21,AP,Luis Munoz Marin Airport,Callinectes sapidus,sapidus,F,mature,hard,77,122.76,98.39,56.83,40.24,,,1.1,N,BLACK,ORANGE,-,,mature,N,none,Y,N,full,3,,1.429,0
CR120,2021-01_AP_20,2021-01,1/20/21,AP,Luis Munoz Marin Airport,Callinectes sapidus,sapidus,F,mature,hard,104.2,122,96,59,42,56,18,8.365,N,NONE,BEIGE,L5 BROKen abdomen,,mature,N,none,N,N,light,1,,8.028,1
CR121,2021-01_AP_20,2021-01,1/20/21,AP,Luis Munoz Marin Airport,Callinectes sapidus,sapidus,F,mature,hard,85.97,121,95,50,40,47,10,8.012,N,NONE,ORANGE,R1,(deformed),mature,N,none,N,N,full,3,,9.32,1
CR122,2021-01_AP_20,2021-01,1/20/21,AP,Luis Munoz Marin Airport,Callinectes sapidus,sapidus,F,mature,hard,97.42,120,95,55,40,54,16,9.58,N,NONE,ORANGE,R1,,mature,N,none,N,N,full,3,,9.834,1
CR123,2021-01_AP_20,2021-01,1/20/21,AP,Luis Munoz Marin Airport,Callinectes sapidus,sapidus,F,mature,hard,92.26,119,96,55,40,49,15,5.122,N,NONE,LIGHT ORANGE,R1 - L2,,mature,N,none,N,N,medium,2,,5.552,2
CR124,2021-01_AP_20,2021-01,1/20/21,AP,Luis Munoz Marin Airport,Callinectes sapidus,sapidus,F,mature,hard,93.84,118,97,57,40,56,18,2.7,N,NONE,ORANGE,"L4-R1, 4",,mature,N,none,N,N,full,3,,2.877,3
CR125,2021-01_AP_20,2021-01,1/20/21,AP,Luis Munoz Marin Airport,Callinectes sapidus,sapidus,F,mature,hard,96.24,118,98,59,45,58,16,10.08,N,NONE,DARK ORANGE,-,,mature,N,none,N,N,full,3,,10.474,0
CR126,2021-01_AP_20,2021-01,1/20/21,AP,Luis Munoz Marin Airport,Callinectes sapidus,sapidus,F,mature,hard,94.1,118,97,57,40,54,16,5.73,N,BLACK,WHITE,-,,mature,N,none,Y,N,light,1,,6.089,0
CR127,2021-01_AP_20,2021-01,1/20/21,AP,Luis Munoz Marin Airport,Callinectes sapidus,sapidus,F,mature,hard,79.86,115,95,55,38,53,15,1.487,N,BLACK,LIGHT ORANGE,-,,mature,N,none,Y,N,medium,2,,1.862,0
CR128,2021-01_AP_20,2021-01,1/20/21,AP,Luis Munoz Marin Airport,Callinectes sapidus,sapidus,F,mature,hard,73.97,110,88,50,35,50,16,4.917,N,NONE,ORANGE,L1,,mature,N,none,N,N,full,3,,6.647,1
CR129,2021-01_AP_20,2021-01,1/20/21,AP,Luis Munoz Marin Airport,Callinectes sapidus,sapidus,F,mature,hard,74.17,108,90,50,36,44,15,4.3,N,NONE,LIGHT ORANGE,-,,mature,N,none,N,N,medium,2,,5.797,0
CR130,2021-01_DY_20,2021-01,1/20/21,DY,Suarez Channel,Callinectes bocourti,bocourti,F,mature,hard,65.21,100,90,58,36,56,22,,N,BLACK,N/A,,,mature,N,none,Y,N,,,,,0
CR131,2021-01_IM_20,2021-01,1/20/21,IM,Isla Mosquito,Callinectes bocourti,bocourti,M,mature,hard,125.19,107,90,63,35,75,23,,N/A,N/A,N/A,,,mature,,,,,,,,,0
CR132,2021-01_IM_20,2021-01,1/20/21,IM,Isla Mosquito,Callinectes bocourti,bocourti,M,mature,hard,78.84,89,83,50,28,56,17,,N/A,N/A,N/A,"L1,4 - R1,2,4",,mature,,,,,,,,,5
CR133,2021-01_IM_20,2021-01,1/20/21,IM,Isla Mosquito,Callinectes sp. (unidentified),unidentified,,immature,,0.45,17,15,11,,,,,N/A,IMMATURE,N/A,"R4,5",,immature,,,,,,,,,2
CR134,2021-04_AP_19,2021-04,4/19/21,AP,Luis Munoz Marin Airport,Callinectes bocourti,bocourti,F,mature,,86.37,99.12,84.14,51.06,32.74,45.45,14.15,0,L,ORANGE,BEIGE,L1,,mature,Y,orange,,N,light,1,1,0,1
CR135,2021-04_AP_19,2021-04,4/19/21,AP,Luis Munoz Marin Airport,Callinectes bocourti,bocourti,F,mature,hard,73.62,97.68,81.25,50.96,33.47,45.17,15.19,,N,BLACK,white and jelled,OK,,mature,N,none,Y,N,light,1,,,0
CR136,2021-04_AP_19,2021-04,4/19/21,AP,Luis Munoz Marin Airport,Callinectes bocourti,bocourti,F,mature,hard,98.15,97.67,85.95,52.22,32.74,49.39,16.36,0.57,L,ORANGE,LIGHT ORANGE,R1,,mature,Y,orange,,N,medium,2,1,0.581,1
CR137,2021-04_AP_19,2021-04,4/19/21,AP,Luis Munoz Marin Airport,Callinectes bocourti,bocourti,F,mature,hard,70.87,92.91,82.76,51.52,31.36,44.17,14.87,1.69,OLD,BLACK,ORANGE,"R1,2,4",,mature,N,none,Y,Y,full,3,,2.385,3
CR138,2021-04_AP_19,2021-04,4/19/21,AP,Luis Munoz Marin Airport,Callinectes bocourti,bocourti,F,mature,hard,57.05,88.13,76.44,51.4,33.88,43.08,13.47,3.32,N,BLACK,ORANGE,L1,,mature,N,none,Y,N,full,3,,5.819,1
CR139,2021-04_AP_19,2021-04,4/19/21,AP,Luis Munoz Marin Airport,Callinectes bocourti,bocourti,F,mature,hard,62.07,85.14,74.18,47.75,33.2,39.44,12.16,1.33,L,ORANGE,LIGHT ORANGE,"R1,R2",,mature,Y,orange,,N,medium,2,1,2.143,2
CR140,2021-04_AP_19,2021-04,4/19/21,AP,Luis Munoz Marin Airport,Callinectes sapidus,sapidus,M,mature,hard,60.7,110.42,81.58,48.15,21.22,54.44,13.45,,N/A,N/A,N/A,R1,,mature,,,,,,,,,1
CR141,2021-04_AP_19,2021-04,4/19/21,AP,Luis Munoz Marin Airport,Callinectes sapidus,sapidus,F,mature,hard,83.02,108.56,89.93,62.17,39.91,46.71,16.75,2.97,M,ORANGE,LIGHT ORANGE,"R1,R2",,mature,Y,orange,,N,medium,2,1,3.577,2
CR142,2021-04_BC_19,2021-04,4/19/21,BC,Boca de Cangrejos,Callinectes bocourti,bocourti,F,mature,hard,102.29,104.97,91.66,55.12,38.97,53.57,21.21,4.25,N,BLACK,ORANGE,R1,,mature,N,none,Y,N,full,3,,4.155,1
CR143,2021-04_BC_19,2021-04,4/19/21,BC,Boca de Cangrejos,Callinectes bocourti,bocourti,F,mature,hard,100.29,97.44,87.03,53.23,36.83,48.17,18.92,2.09,OLD,BLACK,ORANGE,OK,,mature,N,none,Y,Y,full,3,,2.084,0
CR144,2021-04_BC_19,2021-04,4/19/21,BC,Boca de Cangrejos,Charybdis helleri,helleri,M,mature,hard,102.51,76.4,70.4,49.93,24.33,61.4,27.13,,N/A,N/A,N/A,OK,,mature,,,,,,,,,0
CR145,2021-04_BC_19,2021-04,4/19/21,BC,Boca de Cangrejos,Callinectes similis,similis,F,mature,hard,71.78,108.03,85.38,49.38,33.54,49.42,16.67,3.26,N,BLACK,ORANGE,L1,,mature,N,none,Y,N,full,3,,4.542,1
CR146,2021-04_BC_19,2021-04,4/19/21,BC,Boca de Cangrejos,Callinectes similis,similis,F,mature,hard,51.74,93.64,71.26,42.92,25.76,38.6,11.09,0.29,L,ORANGE,ORANGE,"R1, R2",,mature,Y,orange,,N,full,3,1,0.56,2
CR147,2021-04_BC_19,2021-04,4/19/21,BC,Boca de Cangrejos,Callinectes similis,similis,F,mature,hard,52.1,91.25,71.37,43.87,27.58,35.83,11.79,0.08,L,ORANGE,WHITE,OK,,mature,Y,orange,,N,light,1,1,0.154,0
CR148,2021-04_DY_19,2021-04,4/19/21,DY,Suarez Channel,Callinectes bocourti,bocourti,M,mature,hard,56.03,99.55,75.37,44.34,21.4,46.92,13.15,,N/A,N/A,N/A,L3,,mature,,,,,,,,,1
CR149,2021-04_DY_19,2021-04,4/19/21,DY,Suarez Channel,Callinectes bocourti,bocourti,F,mature,soft,23.19,78.07,62.52,37.69,23.3,27.21,7.99,,N/A,N/A,N/A,OK,soft,mature,,,,,,,,,0
CR150,2021-04_IM_19,2021-04,4/19/21,IM,Isla Mosquito,Callinectes bocourti,bocourti,M,mature,hard,102.82,108.78,87.41,53.97,25.6,59.07,14.67,,N/A,N/A,N/A,OK,,mature,,,,,,,,,0
CR151,2021-04_IM_19,2021-04,4/19/21,IM,Isla Mosquito,Callinectes bocourti,bocourti,F,mature,hard,78.76,107.47,86.94,57.85,40.42,46.28,12.98,1.84,N,NONE,ORANGE,OK,,mature,N,none,N,N,full,3,,2.336,0
CR152,2021-04_IM_19,2021-04,4/19/21,IM,Isla Mosquito,Callinectes sapidus,sapidus,M,mature,hard,63.33,99.13,83.75,52.02,31.74,45.43,13.23,,N/A,N/A,N/A,,,mature,,,,,,,,,0
CR153,2021-04_AP_20,2021-04,4/20/21,AP,Luis Munoz Marin Airport,Callinectes bocourti,bocourti,F,mature,hard,73.45,100.78,84.68,60.36,39.3,45.18,13.33,3.38,N,BLACK,BEIGE,R1,,mature,N,none,Y,N,light,1,,4.602,1
CR154,2021-04_AP_20,2021-04,4/20/21,AP,Luis Munoz Marin Airport,Callinectes bocourti,bocourti,M,mature,hard,71.38,96.14,81.63,52.36,25.28,63.49,14.52,,N/A,N/A,N/A,R1,,mature,,,,,,,,,1
CR155,2021-04_AP_20,2021-04,4/20/21,AP,Luis Munoz Marin Airport,Callinectes bocourti,bocourti,F,mature,,69.23,89.63,79.25,48,30.33,43.84,15.73,1.41,N,BLACK,DARK ORANGE,OK,,mature,N,none,Y,N,full,3,,2.037,0
CR156,2021-04_AP_20,2021-04,4/20/21,AP,Luis Munoz Marin Airport,Callinectes bocourti,bocourti,F,mature,,60.52,88.79,80.72,57.58,35.22,,,0.77,N,BLACK,DARK ORANGE,"L1, R1, R3, L3",,mature,N,none,Y,N,full,3,,1.272,4
CR157,2021-04_AP_20,2021-04,4/20/21,AP,Luis Munoz Marin Airport,Callinectes sapidus,sapidus,F,mature,hard,109.04,122.97,97.47,62.49,42.55,55.87,20.41,1.36,N,NONE,LIGHT ORANGE,,,mature,N,none,N,N,medium,2,,1.247,0
CR158,2021-04_AP_20,2021-04,4/20/21,AP,Luis Munoz Marin Airport,Callinectes similis,similis,F,mature,,52.69,89,76.87,53.35,34.32,44.31,13.65,0.46,N,NONE,ORANGE,"L1, spine",,mature,N,none,N,N,full,3,,0.873,1
CR159,2021-04_AP_20,2021-04,4/20/21,AP,Luis Munoz Marin Airport,Callinectes similis,similis,F,immature,hard,25.39,78.47,61.37,40.45,24.8,28.99,8.81,,N,IMMATURE,IMMATURE,OK,,immature,N,none,,N,light,1,,,0
CR160,2021-04_BC_20,2021-04,4/20/21,BC,Boca de Cangrejos,Callinectes bocourti,bocourti,F,mature,,67.2,108.35,84.92,58.3,40.98,41.83,11.98,1.41,N,BLACK,ORANGE,OK,,mature,N,none,Y,N,full,3,,2.098,0
CR161,2021-04_BC_20,2021-04,4/20/21,BC,Boca de Cangrejos,Callinectes similis,similis,F,mature,,54.18,96.33,72.69,46.7,27.83,34.56,8.67,0.57,L,ORANGE,LIGHT ORANGE,OK,,mature,Y,orange,,N,medium,2,1,1.052,0
CR162,2021-04_BC_20,2021-04,4/20/21,BC,Boca de Cangrejos,Callinectes similis,similis,F,mature,,38.62,82.15,64.93,38.4,25.46,35.27,9.45,0.21,L,ORANGE,ORANGE,OK,,mature,Y,orange,,N,full,3,1,0.544,0
CR163,2021-04_IM_20,2021-04,4/20/21,IM,Isla Mosquito,Callinectes bocourti,bocourti,F,mature,hard,83.37,106.22,86.77,54.12,36.15,51.11,13.64,7.78,N,NONE,DARK ORANGE,OK,,mature,N,none,N,N,full,3,,9.332,0
CR164,2021-04_IM_20,2021-04,4/20/21,IM,Isla Mosquito,Callinectes bocourti,bocourti,M,mature,hard,54.21,88.29,72.35,46.95,22.95,51.7,12.6,,N/A,N/A,N/A,OK,,mature,,,,,,,,,0
CR165,2021-04_AP_21,2021-04,4/21/21,AP,Luis Munoz Marin Airport,Callinectes bocourti,bocourti,F,mature,hard,120.16,106.11,92.39,54.75,36.99,53.22,17.36,7.72,N,BLACK,DARK ORANGE,OK,,mature,N,none,Y,N,full,3,,6.425,0
CR166,2021-04_AP_21,2021-04,4/21/21,AP,Luis Munoz Marin Airport,Callinectes bocourti,bocourti,F,mature,hard,94.71,100.09,89.59,55.29,37.6,50.07,20.93,1.7,N,NONE,LIGHT ORANGE,OK,,mature,N,none,N,N,medium,2,,1.795,0
CR167,2021-04_AP_21,2021-04,4/21/21,AP,Luis Munoz Marin Airport,Callinectes bocourti,bocourti,F,mature,,87.2,99.31,87.6,61.36,38.77,51.29,16.65,4.06,N,BLACK,DARK ORANGE,R1,,mature,N,none,Y,N,full,3,,4.656,1
CR168,2021-04_AP_21,2021-04,4/21/21,AP,Luis Munoz Marin Airport,Callinectes bocourti,bocourti,F,mature,,92,96.9,85.08,52.94,33.35,50.17,18.99,1.88,N,BLACK,DARK ORANGE,"chipped abdomen, missing R4",,mature,N,none,Y,N,full,3,,2.043,1
CR169,2021-04_AP_21,2021-04,4/21/21,AP,Luis Munoz Marin Airport,Callinectes bocourti,bocourti,F,mature,hard,83.54,94.25,83.18,51.44,32,47.85,17.7,3.3,N,BLACK,DARK ORANGE,OK,,mature,N,none,Y,N,full,3,,3.95,0
CR170,2021-04_AP_21,2021-04,4/21/21,AP,Luis Munoz Marin Airport,Callinectes bocourti,bocourti,F,mature,hard,79.12,94.14,81.52,50.62,31.37,45.06,13.85,4.45,N,BLACK,DARK ORANGE,"L2, R3, L and R damage to cLaw",,mature,N,none,Y,N,full,3,,5.624,2
CR171,2021-04_AP_21,2021-04,4/21/21,AP,Luis Munoz Marin Airport,Callinectes bocourti,bocourti,F,mature,hard,82.01,93.52,81.49,49.97,31.78,47.32,14.38,0.82,N,BLACK,LIGHT ORANGE,OK,,mature,N,none,Y,N,medium,2,,1,0
CR172,2021-04_AP_21,2021-04,4/21/21,AP,Luis Munoz Marin Airport,Callinectes bocourti,bocourti,F,mature,hard,70.45,93.02,79.2,53.8,35.66,38.32,13.29,2.81,N,BLACK,DARK ORANGE,OK,,mature,N,none,Y,N,full,3,,3.989,0
CR173,2021-04_AP_21,2021-04,4/21/21,AP,Luis Munoz Marin Airport,Callinectes bocourti,bocourti,F,mature,hard,,91.69,79.23,50.06,34.45,45.85,17.81,4.91,N,BLACK,DARK ORANGE,missing L1,,mature,N,none,Y,N,full,3,,,1
CR174,2021-04_AP_21,2021-04,4/21/21,AP,Luis Munoz Marin Airport,Callinectes ornatus,ornatus,F,mature,hard,78.91,103.15,87.54,54.21,37.58,45.91,14.69,1.33,N,NONE,beige,OK,,mature,N,none,N,N,light,1,,1.685,0
CR175,2021-04_AP_21,2021-04,4/21/21,AP,Luis Munoz Marin Airport,Callinectes sapidus,sapidus,F,mature,,84.52,115.07,89.78,60.77,40.49,45.62,13.08,1.09,OLD,PRIOR SPAWN,LIGHT ORANGE,OK,,mature,N,none,,Y,medium,2,,1.29,0
CR176,2021-04_AP_21,2021-04,4/21/21,AP,Luis Munoz Marin Airport,Callinectes similis,similis,M,mature,,,91.73,70.9,40.73,25.16,45.87,15.71,,N/A,N/A,N/A,OK,,mature,,,,,,,,,0
CR177,2021-04_AP_21,2021-04,4/21/21,AP,Luis Munoz Marin Airport,Callinectes similis,similis,F,immature,,15.91,66.47,50.89,31.31,21.05,28.67,8.81,,IM,IMMATURE,IMMATURE,,,immature,N,none,,N,light,1,,,0
CR178,2021-04_BC_21,2021-04,4/21/21,BC,Boca de Cangrejos,Callinectes larvatus,larvatus,M,mature,hard,74.04,100.1,81.35,41.92,29.28,53.2,21.95,,N/A,N/A,N/A,OK,,mature,,,,,,,,,0
CR179,2021-04_BC_21,2021-04,4/21/21,BC,Boca de Cangrejos,Callinectes larvatus,larvatus,F,immature,hard,20.9,65.77,53.74,32.19,15.77,30.65,10.08,,N,IMMATURE,IMMATURE,OK,,immature,N,none,,N,light,1,,,0
CR180,2021-04_BC_21,2021-04,4/21/21,BC,Boca de Cangrejos,Callinectes ornatus,ornatus,F,mature,hard,85.3,107.52,88.72,55.84,37.06,45.85,13.6,2.17,N,BLACK,ORANGE,OK,,mature,N,none,Y,N,full,3,,2.544,0
CR181,2021-04_BC_21,2021-04,4/21/21,BC,Boca de Cangrejos,Callinectes similis,similis,M,mature,hard,75.35,105.27,84.41,48,31.4,54.21,19.85,,N/A,N/A,N/A,OK,,mature,,,,,,,,,0
CR182,2021-04_BC_21,2021-04,4/21/21,BC,Boca de Cangrejos,Callinectes similis,similis,F,mature,hard,63.43,102.15,79.2,45.7,32.4,42.8,15.69,1.13,L,BROWN,DARK ORANGE,OK,,mature,Y,brown,,N,full,3,3,1.781,0
CR183,2021-04_BC_21,2021-04,4/21/21,BC,Boca de Cangrejos,Callinectes similis,similis,F,mature,hard,66.42,100.82,78.15,45.59,29.44,41.96,14.67,1.52,L,BLACK,ORANGE,OK,,mature,Y,black (eyed),,N,full,3,4,2.288,0
CR184,2021-04_BC_21,2021-04,4/21/21,BC,Boca de Cangrejos,Callinectes similis,similis,F,mature,hard,53.85,94.62,71.45,42.6,28.23,37.7,10.84,0.75,M,BROWN,LIGHT ORANGE,OK,,mature,Y,brown,,N,medium,2,3,1.393,0
CR185,2021-04_BC_21,2021-04,4/21/21,BC,Boca de Cangrejos,Callinectes similis,similis,F,mature,hard,49.15,93.79,71.93,42.8,30.3,40.7,19.65,0.96,L,BROWN,DARK ORANGE,missing R1 and paRt of R2,,mature,Y,brown,,N,full,3,3,1.953,2
CR186,2021-04_BC_21,2021-04,4/21/21,BC,Boca de Cangrejos,Callinectes sp. (unidentified),unidentified,F,immature,hard,14.5,62.59,50.1,29.24,21.94,25.1,7.4,,N/A,N/A,N/A,OK,,immature,,,,,,,,,0
CR187,2021-04_DY_21,2021-04,4/21/21,DY,Suarez Channel,Callinectes exasperatus,exasperatus,M,mature,hard,120.45,104.52,92.01,59.3,31.62,60.9,19.15,,N/A,N/A,N/A,L1 pitted,,mature,,,,,,,,,1
CR188,2021-04_DY_21,2021-04,4/21/21,DY,Suarez Channel,Callinectes sapidus,sapidus,F,mature,,91.56,119.9,96.67,54.43,37.77,48.84,15.53,1.01,N,NONE,lt org,OK,,mature,N,none,N,N,medium,2,,1.103,0
CR189,2021-04_DY_21,2021-04,4/21/21,DY,Suarez Channel,Callinectes sapidus,sapidus,M,mature,,78.45,109.98,88.08,56.03,36.61,45.78,15.11,,N/A,N/A,N/A,OK,,mature,,,,,,,,,0
CR190,2021-04_DY_21,2021-04,4/21/21,DY,Suarez Channel,Callinectes sapidus,sapidus,M,mature,,79.51,106.74,89.22,56.94,34.3,48.31,17.71,,N/A,N/A,N/A,"L1, tip f R4",,mature,,,,,,,,,2
CR191,2021-04_IM_21,2021-04,4/21/21,IM,Isla Mosquito,Callinectes bocourti,bocourti,M,mature,,170.77,120.85,103.15,65.65,37.59,75.05,23,,N/A,N/A,N/A,pitted sheLL,,mature,,,,,,,,,0
CR192,2021-04_IM_21,2021-04,4/21/21,IM,Isla Mosquito,Callinectes bocourti,bocourti,M,mature,,140.67,111.12,96.67,60.09,27.72,66.6,21.17,,N/A,N/A,N/A,OK,,mature,,,,,,,,,0
CR193,2021-04_IM_21,2021-04,4/21/21,IM,Isla Mosquito,Callinectes ornatus,ornatus,F,mature,hard,80.77,106.96,86.07,60.51,39.31,45.4,15.51,8.54,N,NONE,ORANGE,OK,,mature,N,none,N,N,full,3,,10.573,0
CR194,2021-04_IM_21,2021-04,4/21/21,IM,Isla Mosquito,Callinectes ornatus,ornatus,F,mature,,,95.87,79.23,50.05,36.55,42.8,15.69,6.55,N,NONE,ORANGE,,,mature,N,none,N,N,full,3,,,0
CR195,2021-04_IM_21,2021-04,4/21/21,IM,Isla Mosquito,Callinectes ornatus,ornatus,M,mature,hard,72.88,86.69,78.85,50.01,22.27,52.16,13.38,,N/A,N/A,N/A,OK,,mature,,,,,,,,,0
CR196,2021-07_AP_13,2021-07,7/13/21,AP,Luis Munoz Marin Airport,Callinectes bocourti,bocourti,F,mature,hard,91.5,112.2,91.15,55.56,42.22,50.06,15.58,2.35,N,BLACK,ORANGE,"R4,R5",,mature,N,none,Y,N,full,3,,2.568,2
CR197,2021-07_AP_13,2021-07,7/13/21,AP,Luis Munoz Marin Airport,Callinectes bocourti,bocourti,F,mature,hard,84.3,109.84,89.8,54.3,39.95,45.5,14.43,1.7,N,BLACK,ORANGE,OK,,mature,N,none,Y,N,full,3,,2.017,0
CR198,2021-07_AP_13,2021-07,7/13/21,AP,Luis Munoz Marin Airport,Callinectes bocourti,bocourti,F,mature,hard,82.34,107.15,87.38,57.18,34.5,50.12,14.82,0.9,N,NONE,LIGHT ORANGE,OK,,mature,N,none,N,N,medium,2,,1.093,0
CR199,2021-07_AP_13,2021-07,7/13/21,AP,Luis Munoz Marin Airport,Callinectes bocourti,bocourti,F,mature,hard,72.74,105.39,84.57,52.02,37.61,48.02,12.75,0.58,N,NONE,BEIGE,DIRTY,MISSING ABDOMEN,mature,N,none,N,N,light,1,,0.797,0
CR200,2021-07_AP_13,2021-07,7/13/21,AP,Luis Munoz Marin Airport,Callinectes bocourti,bocourti,F,mature,hard,108.53,103.09,89.57,54.27,37.66,52.26,17.93,1.44,N,NONE,ORANGE,"L4,L5",,mature,N,none,N,N,full,3,,1.327,2
CR201,2021-07_AP_13,2021-07,7/13/21,AP,Luis Munoz Marin Airport,Callinectes bocourti,bocourti,F,mature,hard,98.53,100.93,86.53,54.31,37.71,52.15,20,1.8,N,BLACK,DARK ORANGE,OK,,mature,N,none,Y,N,full,3,,1.827,0
CR202,2021-07_AP_13,2021-07,7/13/21,AP,Luis Munoz Marin Airport,Callinectes bocourti,bocourti,F,mature,hard,68.54,100.17,82.5,49.64,35.32,47.8,12.55,4.64,N,NONE,ORANGE,R4,DIRTY SHELL,mature,N,none,N,N,full,3,,6.77,1
CR203,2021-07_AP_13,2021-07,7/13/21,AP,Luis Munoz Marin Airport,Callinectes bocourti,bocourti,F,mature,hard,75.32,91.86,80.41,48.17,33.59,42.95,16.1,0.5,N,NONE,DARK ORANGE,DIRTY,INJURY ON ABDOMEN,mature,N,none,N,N,full,3,,0.664,0
CR204,2021-07_AP_13,2021-07,7/13/21,AP,Luis Munoz Marin Airport,Callinectes sapidus,sapidus,F,mature,hard,184.18,138.89,107.68,64.05,41.16,63.01,16.46,1.78,L,BLACK,BEIGE,OK,,mature,Y,black (eyed),,N,light,1,4,0.966,0
CR205,2021-07_AP_13,2021-07,7/13/21,AP,Luis Munoz Marin Airport,Callinectes similis,similis,M,mature,hard,94.89,117.08,90.06,52.19,24.51,68.25,14.48,,N/A,N/A,N/A,OK,,mature,,,,,,,,,0
CR206,2021-07_AP_13,2021-07,7/13/21,AP,Luis Munoz Marin Airport,Callinectes similis,similis,F,mature,hard,60.73,95.4,80.01,46.63,34.42,50.94,15.58,1.56,N,NONE,ORANGE,OK,"RECENT MOLT, VERY CLEAN",mature,N,none,N,N,full,3,,2.569,0
CR207,2021-07_AP_13,2021-07,7/13/21,AP,Luis Munoz Marin Airport,Callinectes similis,similis,F,mature,hard,32.07,82.25,65.53,33.75,28.81,34.35,12.23,2.3,N,BLACK,DARK ORANGE,OK,,mature,N,none,Y,N,full,3,,7.172,0
CR208,2021-07_BC_13,2021-07,7/13/21,BC,Boca de Cangrejos,Callinectes bocourti,bocourti,F,mature,hard,102.92,114.5,95.87,56.35,39.66,49.08,15.71,2.32,N,NONE,DARK ORANGE,OK,,mature,N,none,N,N,full,3,,2.254,0
CR209,2021-07_BC_13,2021-07,7/13/21,BC,Boca de Cangrejos,Callinectes bocourti,bocourti,F,mature,hard,96.17,96.61,85.06,53.26,36.64,49.85,21.1,1.84,N,BLACK,ORANGE,L3,,mature,N,none,Y,N,full,3,,1.913,1
CR210,2021-07_BC_13,2021-07,7/13/21,BC,Boca de Cangrejos,Callinectes bocourti,bocourti,F,mature,hard,71.4,95.61,84.21,51.91,32.3,47.9,14.79,3.5,N,NONE,DARK ORANGE,L1,,mature,N,none,N,N,full,3,,4.902,1
CR211,2021-07_BC_13,2021-07,7/13/21,BC,Boca de Cangrejos,Callinectes bocourti,bocourti,F,mature,hard,82.39,95.43,83.3,50.05,35.55,47.7,16.73,2.05,N,BLACK,DARK ORANGE,R5,,mature,N,none,Y,N,full,3,,2.488,1
CR212,2021-07_BC_13,2021-07,7/13/21,BC,Boca de Cangrejos,Callinectes bocourti,bocourti,F,mature,hard,80.1,94.33,83.26,51.13,35.52,46.73,20,2.52,N,BLACK,ORANGE,OK,,mature,N,none,Y,N,full,3,,3.146,0
CR213,2021-07_BC_13,2021-07,7/13/21,BC,Boca de Cangrejos,Callinectes larvatus,larvatus,M,immature,hard,98.06,115.07,86.65,50.06,32.02,59.91,21.18,,N/A,N/A,N/A,R5,,immature,,,,,,,,,1
CR214,2021-07_BC_13,2021-07,7/13/21,BC,Boca de Cangrejos,Callinectes larvatus,larvatus,M,mature,hard,69.37,99.8,80.04,46.63,29.89,54.4,20.1,,N/A,N/A,N/A,OK,,mature,,,,,,,,,0
CR215,2021-07_BC_13,2021-07,7/13/21,BC,Boca de Cangrejos,Callinectes similis,similis,M,mature,hard,79.19,107.12,84.18,47.97,23.01,52.13,13.7,,N/A,N/A,N/A,OK,,mature,,,,,,,,,0
CR216,2021-07_BC_13,2021-07,7/13/21,BC,Boca de Cangrejos,Callinectes similis,similis,F,mature,,49.63,102.16,79.25,46.95,29.29,45.92,14.03,2.32,N,NONE,DARK ORANGE,L1,,mature,N,none,N,N,full,3,,4.675,1
CR217,2021-07_BC_13,2021-07,7/13/21,BC,Boca de Cangrejos,Callinectes similis,similis,F,mature,hard,71.09,99.9,76.7,45.5,33.35,45.6,15.59,0.48,S,ORANGE,LIGHT ORANGE,L5,,mature,Y,orange,,N,medium,2,1,0.675,1
CR218,2021-07_BC_13,2021-07,7/13/21,BC,Boca de Cangrejos,Callinectes similis,similis,F,mature,hard,63.14,95.23,78.56,93.21,28.63,42.18,13.19,0.33,M,DARK ORANGE,BEIGE,OK,,mature,Y,orange,,N,light,1,1,0.523,0
CR219,2021-07_BC_13,2021-07,7/13/21,BC,Boca de Cangrejos,Callinectes similis,similis,F,mature,hard,47.52,94.38,75.49,43.28,30.05,41.1,11.22,0.36,S,ORANGE,BEIGE,R4,,mature,Y,orange,,N,light,1,1,0.758,1
CR220,2021-07_BC_13,2021-07,7/13/21,BC,Boca de Cangrejos,Callinectes similis,similis,F,mature,hard,49.02,92.87,72.05,42.12,27.94,46.82,14.82,3.34,N,NONE,ORANGE,OK,,mature,N,none,N,N,full,3,,6.814,0
CR221,2021-07_BC_13,2021-07,7/13/21,BC,Boca de Cangrejos,Callinectes similis,similis,F,immature,hard,19.81,70.08,54.42,32.86,16.42,32.02,10.3,,N,NONE,N/A,OK,,immature,N,none,N,N,,,,,0
CR222,2021-07_DY_13,2021-07,7/13/21,DY,Suarez Channel,Callinectes bocourti,bocourti,F,mature,hard,81.64,104.41,88.76,52.86,36.97,48.53,14.39,8.86,N,NONE,ORANGE,OK,,mature,N,none,N,N,full,3,,10.853,0
CR223,2021-07_DY_13,2021-07,7/13/21,DY,Suarez Channel,Callinectes bocourti,bocourti,M,mature,hard,89.23,103,86.27,56.26,25.29,56.5,15.08,,N/A,N/A,N/A,DIRTY,BOTH CLAWS MISSING PART,mature,,,,,,,,,0
CR224,2021-07_DY_13,2021-07,7/13/21,DY,Suarez Channel,Callinectes sapidus,sapidus,F,mature,hard,101.22,124.33,100,56.65,41.11,50,20.01,0.36,N,NONE,BEIGE,OK,PINK SP.,mature,N,none,N,N,light,1,,0.356,0
CR225,2021-07_IM_13,2021-07,7/13/21,IM,Isla Mosquito,Callinectes bocourti,bocourti,M,mature,hard,119.07,109.46,93.85,59.74,26.57,67.17,15.3,,N/A,N/A,N/A,"R1,R2",,mature,,,,,,,,,2
CR226,2021-07_IM_13,2021-07,7/13/21,IM,Isla Mosquito,Callinectes bocourti,bocourti,F,mature,hard,74.45,103.25,84.41,51.1,37.84,43.3,15.47,7.31,N,NONE,DARK ORANGE,OK,,mature,N,none,N,N,full,3,,9.819,0
CR227,2021-07_IM_13,2021-07,7/13/21,IM,Isla Mosquito,Callinectes bocourti,bocourti,F,mature,hard,73.19,98.54,83.96,51.77,34.35,50.98,13.75,6.9,N,NONE,DARK ORANGE,OK,,mature,N,none,N,N,full,3,,9.428,0
CR228,2021-07_IM_13,2021-07,7/13/21,IM,Isla Mosquito,Callinectes bocourti,bocourti,F,mature,hard,58.85,92.2,80.95,49.79,36.61,41.11,14.44,7.55,N,NONE,DARK ORANGE,R4,,mature,N,none,N,N,full,3,,12.829,1
CR229,2021-07_AP_14,2021-07,7/14/21,AP,Luis Munoz Marin Airport,Callinectes ornatus,ornatus,F,mature,hard,106,114.02,94.25,57.96,42.42,49.67,15.44,2.34,N,BLACK,ORANGE,"L4,L5",,mature,N,none,Y,N,full,3,,2.208,2
CR230,2021-07_AP_14,2021-07,7/14/21,AP,Luis Munoz Marin Airport,Callinectes ornatus,ornatus,F,mature,hard,84.9,104.91,86.25,54.3,38.47,46.25,15.1,0.7,N,BLACK,BEIGE,R2,,mature,N,none,Y,N,light,1,,0.824,1
CR231,2021-07_AP_14,2021-07,7/14/21,AP,Luis Munoz Marin Airport,Callinectes ornatus,ornatus,F,mature,hard,74.38,100.53,85.59,51.17,31.19,42.3,13.35,0.38,N,NONE,BEIGE,OK,RELEASED EGGS,mature,N,none,N,N,light,1,,0.511,0
CR232,2021-07_AP_14,2021-07,7/14/21,AP,Luis Munoz Marin Airport,Callinectes ornatus,ornatus,F,mature,hard,73.28,100,84.51,51.1,,45.54,13.27,0.47,N,NONE,BEIGE,OK,MISSING ABDOMEN,mature,N,none,N,N,light,1,,0.641,0
CR233,2021-07_AP_14,2021-07,7/14/21,AP,Luis Munoz Marin Airport,Callinectes sapidus,sapidus,F,mature,hard,134.02,144.19,106.1,65.47,50.85,,,6.61,N,BLACK,DARK ORANGE,"R1,R3,L1,L2",CONTAINED PARASITES,mature,N,none,Y,N,full,3,,4.932,4
CR234,2021-07_AP_14,2021-07,7/14/21,AP,Luis Munoz Marin Airport,Callinectes sapidus,sapidus,F,mature,hard,86.19,118.84,93.37,52.3,33.32,55.54,15.55,2.54,N,NONE,DARK ORANGE,OK,,mature,N,none,N,N,full,3,,2.947,0
CR235,2021-07_BC_14,2021-07,7/14/21,BC,Boca de Cangrejos,Callinectes larvatus,larvatus,M,mature,hard,70.2,103.37,83.41,47.77,22.26,57.74,15.62,,N/A,N/A,N/A,OK,,mature,,,,,,,,,0
CR236,2021-07_BC_14,2021-07,7/14/21,BC,Boca de Cangrejos,Callinectes sapidus,sapidus,F,mature,hard,163.55,146.63,107.47,68.47,50.9,74.83,18.43,1.31,S,OLD,ORANGE,R1,CONTAINED PARASITES,mature,Y,,,Y,full,3,,0.801,1
CR237,2021-07_BC_14,2021-07,7/14/21,BC,Boca de Cangrejos,Callinectes similis,similis,F,mature,hard,57.49,94.5,74.67,43.48,30,40.4,13.43,0.1,S,O,BEIGE,OK,,mature,Y,orange,,N,light,1,1,0.174,0
CR238,2021-07_DY_14,2021-07,7/14/21,DY,Suarez Channel,Callinectes bocourti,bocourti,M,mature,hard,115.64,108.86,92.26,56.66,26.71,66.7,15.59,,N,NONE,N/A,R4,,mature,N,none,N,N,,,,,1
CR239,2021-07_DY_14,2021-07,7/14/21,DY,Suarez Channel,Callinectes ornatus,ornatus,F,mature,hard,134.25,121.13,100.06,61.17,34.48,56.68,17.75,20.38,N,NONE,DARK ORANGE,OK,,mature,N,none,N,N,full,3,,15.181,0
CR240,2021-07_DY_14,2021-07,7/14/21,DY,Suarez Channel,Callinectes ornatus,ornatus,F,mature,hard,117.5,107.25,90.59,55.6,39.04,47.34,16.24,0.77,L,BROWN,LIGHT ORANGE,OK,ID UNKNOWN,mature,Y,brown,,N,medium,2,3,0.655,0
CR241,2021-07_DY_14,2021-07,7/14/21,DY,Suarez Channel,Callinectes ornatus,ornatus,F,mature,hard,91.06,101.12,87.79,55.6,31.16,52.22,16.65,10.88,N,NONE,DARK ORANGE,DIRTY,,mature,N,none,N,N,full,3,,11.948,0
CR242,2021-07_IM_14,2021-07,7/14/21,IM,Isla Mosquito,Callinectes bocourti,bocourti,M,mature,hard,160.42,112.78,104.25,64.75,37.9,85.76,21.85,,N/A,N/A,N/A,"R3,R5,L3",ALGAE ON SHELL,mature,,,,,,,,,3
CR243,2021-07_IM_14,2021-07,7/14/21,IM,Isla Mosquito,Callinectes bocourti,bocourti,F,mature,hard,79.06,102.18,95.54,51.15,30.05,50.04,13.32,8.88,N/A,N/A,DARK ORANGE,OK,,mature,,,,,full,3,,11.232,0
CR244,2021-07_AP_15,2021-07,7/15/21,AP,Luis Munoz Marin Airport,Callinectes bocourti,bocourti,F,mature,hard,81.08,112.64,91.86,54.4,40.86,46.09,15.39,0.36,N,BLACK,BEIGE,OK,,mature,N,none,Y,N,light,1,,0.444,0
CR245,2021-07_AP_15,2021-07,7/15/21,AP,Luis Munoz Marin Airport,Callinectes bocourti,bocourti,F,mature,hard,106.72,112.43,94.63,57.27,42.75,55.04,18.97,0.98,N,BLACK,LIGHT ORANGE,OK,DEFORMED SWIM LEG,mature,N,none,Y,N,medium,2,,0.918,0
CR246,2021-07_AP_15,2021-07,7/15/21,AP,Luis Munoz Marin Airport,Callinectes bocourti,bocourti,F,mature,hard,89.29,111.12,90.05,54.46,31.14,47.78,16.67,3.98,N,NONE,DARK ORANGE,OK,,mature,N,none,N,N,full,3,,4.457,0
CR247,2021-07_AP_15,2021-07,7/15/21,AP,Luis Munoz Marin Airport,Callinectes bocourti,bocourti,F,mature,hard,85.52,110.15,89.3,54.02,40.67,42.82,14.38,2.2,N,BLACK,DARK ORANGE,OK,,mature,N,none,Y,N,full,3,,2.572,0
CR248,2021-07_AP_15,2021-07,7/15/21,AP,Luis Munoz Marin Airport,Callinectes bocourti,bocourti,F,mature,hard,87.98,100.04,90.07,53.35,32.36,48.87,14.42,0.67,N,NONE,BEIGE,OK,,mature,N,none,N,N,light,1,,0.762,0
CR249,2021-07_AP_15,2021-07,7/15/21,AP,Luis Munoz Marin Airport,Callinectes bocourti,bocourti,F,mature,hard,73.26,98.89,82.31,50,31.12,46.66,13.34,0.85,N,NONE,BEIGE,OK,,mature,N,none,N,N,light,1,,1.16,0
CR250,2021-07_AP_15,2021-07,7/15/21,AP,Luis Munoz Marin Airport,Callinectes bocourti,bocourti,F,mature,hard,62.16,93.37,78.9,48.86,29.98,39.96,11.2,0.68,N,NONE,DARK ORANGE,"L1,L4",,mature,N,none,N,N,full,3,,1.094,2
CR251,2021-07_AP_15,2021-07,7/15/21,AP,Luis Munoz Marin Airport,Callinectes bocourti,bocourti,F,mature,hard,69.65,90.06,80.01,48.82,26.69,45.56,17.76,7.14,N,NONE,DARK ORANGE,OK,,mature,N,none,N,N,full,3,,10.251,0
CR252,2021-07_BC_15,2021-07,7/15/21,BC,Boca de Cangrejos,Callinectes ornatus,ornatus,F,mature,hard,72.72,90.85,81.43,49.95,35.49,45.03,16.17,0.56,OLD,PRIOR SPAWN,LIGHT ORANGE,-,,mature,N,none,,Y,medium,2,,0.77,0
CR253,2021-07_BC_15,2021-07,7/15/21,BC,Boca de Cangrejos,Callinectes sp. (unidentified),unidentified,F,mature,hard,21.4,73.41,50.08,33.36,19.96,29.95,7.76,0.27,N,NONE,ORANGE,R1,,mature,N,none,N,N,full,3,,1.262,1
CR254,2021-07_DY_15,2021-07,7/15/21,DY,Suarez Channel,Callinectes bocourti,bocourti,F,mature,hard,84.43,110.87,94.24,56.68,40.08,47.34,13.24,1.82,N,BLACK,ORANGE,"R1,R4",,mature,N,none,Y,N,full,3,,2.156,2
CR255,2021-07_DY_15,2021-07,7/15/21,DY,Suarez Channel,Callinectes sapidus,sapidus,F,immature,hard,67.99,106.68,85.56,49.99,26.67,48.75,13.31,,N,NONE,N/A,,NO OVARY DEVELOPED,immature,N,none,N,N,,,,,0
CR256,2021-07_IM_15,2021-07,7/15/21,IM,Isla Mosquito,Callinectes bocourti,bocourti,M,mature,hard,127.44,121.19,103.34,62.31,27.73,73.32,17.72,,N/A,N/A,N/A,"R1,R3,L5",,mature,,,,,,,,,3
CR257,2021-07_IM_15,2021-07,7/15/21,IM,Isla Mosquito,Callinectes bocourti,bocourti,M,mature,hard,83.87,100.93,88.37,54.43,34.59,160.77,15.85,,N/A,N/A,N/A,R1,,mature,,,,,,,,,1
CR258,2021-07_IM_15,2021-07,7/15/21,IM,Isla Mosquito,Callinectes ornatus,ornatus,F,mature,hard,74.16,100.37,85.73,52.4,38.91,41.06,15.26,6.34,N,NONE,DARK ORANGE,OK,,mature,N,none,N,N,full,3,,8.549,0
CR259,2021-07_IM_15,2021-07,7/15/21,IM,Isla Mosquito,Callinectes sapidus,sapidus,M,mature,hard,201.86,140.08,115.56,67.8,31.19,83.37,21.2,,N/A,N/A,N/A,OK,,mature,,,,,,,,,0
CR260,2021-07_IM_15,2021-07,7/15/21,IM,Isla Mosquito,Callinectes sapidus,sapidus,M,mature,hard,183.16,130.07,112.21,65.62,30.06,73.32,20.09,,N/A,N/A,N/A,OK,,mature,,,,,,,,,0
CR261,2021-07_IM_15,2021-07,7/15/21,IM,Isla Mosquito,Callinectes sapidus,sapidus,F,immature,hard,12.61,72.24,61.1,35.53,19.98,32.22,10.11,,N,NONE,N/A,OK,NO OVARY DEVELOPED,immature,N,none,N,N,,,,,0
CR262,2021-10_AP_13,2021-10,10/13/21,AP,Luis Munoz Marin Airport,Callinectes bocourti,bocourti,F,mature,,116.4,121.9,102,61.1,42,59.5,27.8,7.71,N,BLK,DARK ORANGE,MAT,,mature,N,none,Y,N,full,3,,6.624,0
CR263,2021-10_AP_13,2021-10,10/13/21,AP,Luis Munoz Marin Airport,Callinectes bocourti,bocourti,F,mature,,106.1,116.2,95,59.9,38.1,67.6,17.4,8.18,N,BLK,ORANGE,CRACKED APRON,,mature,N,none,Y,N,full,3,,7.71,0
CR264,2021-10_AP_13,2021-10,10/13/21,AP,Luis Munoz Marin Airport,Callinectes bocourti,bocourti,F,mature,,88.8,103.71,87.83,51.92,37.77,17.2,45.49,0.31,Y - L,ORANGE,BEIGE,L2,,mature,Y,orange,,N,light,1,1,0.349,1
CR265,2021-10_AP_13,2021-10,10/13/21,AP,Luis Munoz Marin Airport,Callinectes bocourti,bocourti,F,mature,,80.62,101.16,84.95,55.22,38.41,47.11,14.79,6.32,N,BLK,ORANGE,OK,,mature,N,none,Y,N,full,3,,7.839,0
CR266,2021-10_AP_13,2021-10,10/13/21,AP,Luis Munoz Marin Airport,Callinectes bocourti,bocourti,F,mature,,76.05,100.05,86.17,54.61,39.16,47.3,16.03,0.56,N,BLK,BEIGE,L1 (HOLES),,mature,N,none,Y,N,light,1,,0.736,1
CR267,2021-10_AP_13,2021-10,10/13/21,AP,Luis Munoz Marin Airport,Callinectes larvatus,larvatus,M,mature,,84.5,102.41,85.52,47.89,30.06,55.57,19.19,,-,-,-,OK,,mature,,,,,,,,,0
CR268,2021-10_AP_13,2021-10,10/13/21,AP,Luis Munoz Marin Airport,Callinectes ornatus,ornatus,F,mature,,63.45,101.5,78.71,45.36,33.34,44.78,14.61,0.31,Y - L,ORANGE,BEIGE,R1,,mature,Y,orange,,N,light,1,1,0.489,1
CR269,2021-10_AP_13,2021-10,10/13/21,AP,Luis Munoz Marin Airport,Callinectes ornatus,ornatus,F,mature,,33.5,81.9,68.8,40.4,27.9,41.5,13.4,7.88,N,CLEAR,DARK ORANGE,R1,,mature,N,none,N,N,full,3,,23.522,1
CR270,2021-10_AP_13,2021-10,10/13/21,AP,Luis Munoz Marin Airport,Callinectes sapidus,sapidus,M,mature,,207.4,140.15,116.6,69.03,44.14,71.16,22.16,,-,-,-,OK,,mature,,,,,,,,,0
CR271,2021-10_AP_13,2021-10,10/13/21,AP,Luis Munoz Marin Airport,Callinectes sapidus,sapidus,F,mature,,117.6,123.3,100.4,58.9,40,60.6,21.1,1.29,N,BLK,DARK ORANGE,MAT,,mature,N,none,Y,N,full,3,,1.097,0
CR272,2021-10_AP_13,2021-10,10/13/21,AP,Luis Munoz Marin Airport,Callinectes sapidus,sapidus,F,mature,,77.89,113.31,89.26,51.8,37.61,49.89,17.25,5.1,N,BLK,ORANGE,OK,,mature,N,none,Y,N,full,3,,6.548,0
CR273,2021-10_AP_13,2021-10,10/13/21,AP,Luis Munoz Marin Airport,Callinectes similis,similis,M,mature,,68.6,109.2,82,47.4,30.5,61.1,26.5,,-,-,-,RUSTY BELLY,,mature,,,,,,,,,0
CR274,2021-10_AP_13,2021-10,10/13/21,AP,Luis Munoz Marin Airport,Callinectes similis,similis,F,mature,,49.14,86.12,71.86,41.56,31.34,39.48,12.07,0.65,Y-L,DARK ORANGE,ORANGE,R1,,mature,Y,orange,,N,full,3,1,1.323,1
CR275,2021-10_BC_13,2021-10,10/13/21,BC,Boca de Cangrejos,Callinectes bocourti,bocourti,F,mature,,76.03,96.22,84.16,51.23,36.32,46.79,15.81,4.05,N,BLK,DARK ORANGE,R1,,mature,N,none,Y,N,full,3,,5.327,1
CR276,2021-10_BC_13,2021-10,10/13/21,BC,Boca de Cangrejos,Callinectes bocourti,bocourti,F,mature,,68.07,91.41,80.09,48.15,33.43,41.65,14.35,1.09,N,BLK,ORANGE,OK,,mature,N,none,Y,N,full,3,,1.601,0
CR277,2021-10_BC_13,2021-10,10/13/21,BC,Boca de Cangrejos,Callinectes exasperatus,exasperatus,F,mature,,141.4,135.5,109.8,63.2,44.4,58.7,22.2,5.7,N,BLK,DARK ORANGE,OLD BROKEN CLAW,,mature,N,none,Y,N,full,3,,4.031,0
CR278,2021-10_BC_13,2021-10,10/13/21,BC,Boca de Cangrejos,Callinectes larvatus,larvatus,M,mature,,98.2,111.6,87.7,49.9,31.1,63.3,23.3,,-,-,-,OK,,mature,,,,,,,,,0
CR279,2021-10_BC_13,2021-10,10/13/21,BC,Boca de Cangrejos,Callinectes larvatus,larvatus,M,mature,,92.1,108.9,88.7,48.8,35.6,65.6,19,,-,-,-,MAT,,mature,,,,,,,,,0
CR280,2021-10_BC_13,2021-10,10/13/21,BC,Boca de Cangrejos,Callinectes larvatus,larvatus,M,mature,,80.01,107.12,88.66,50.21,32.82,60.8,26.17,,-,-,-,L1,,mature,,,,,,,,,1
CR281,2021-10_BC_13,2021-10,10/13/21,BC,Boca de Cangrejos,Callinectes larvatus,larvatus,M,mature,,82.8,102.2,83.5,47.2,31,65.3,20,,-,-,-,MAT,,mature,,,,,,,,,0
CR282,2021-10_BC_13,2021-10,10/13/21,BC,Boca de Cangrejos,Callinectes larvatus,larvatus,M,mature,,67.68,96.68,79.07,44.34,28.99,52.37,22.26,,-,-,-,OK,,mature,,,,,,,,,0
CR283,2021-10_BC_13,2021-10,10/13/21,BC,Boca de Cangrejos,Callinectes ornatus,ornatus,F,mature,,46.2,103.2,75.5,45.5,32.1,51.1,15.5,2.4,N,BLK,DARK ORANGE,"L1,L2,R2",,mature,N,none,Y,N,full,3,,5.195,3
CR284,2021-10_BC_13,2021-10,10/13/21,BC,Boca de Cangrejos,Callinectes ornatus,ornatus,F,mature,,44.87,94.69,75.2,43.02,32.33,17.11,41.47,4.1,N,BLK,DARK ORANGE,L1,,mature,N,none,Y,N,full,3,,9.138,1
CR285,2021-10_BC_13,2021-10,10/13/21,BC,Boca de Cangrejos,Callinectes ornatus,ornatus,F,mature,,43.6,92.2,73.2,40,31.1,43.4,14.4,7.78,N,BLK,DARK ORANGE,MAT,,mature,N,none,Y,N,full,3,,17.844,0
CR286,2021-10_BC_13,2021-10,10/13/21,BC,Boca de Cangrejos,Callinectes sapidus,sapidus,F,mature,,73.26,113.7,88.23,50.5,37.4,44.6,16.4,0.49,N,BLK,BEIGE,MAT,,mature,N,none,Y,N,light,1,,0.669,0
CR287,2021-10_BC_13,2021-10,10/13/21,BC,Boca de Cangrejos,Callinectes similis,similis,F,mature,,42.52,95.66,74.51,43.45,32.85,40.9,12.61,4.37,N,BLK,DARK ORANGE,"R1,R2",,mature,N,none,Y,N,full,3,,10.278,2
CR288,2021-10_BC_13,2021-10,10/13/21,BC,Boca de Cangrejos,Callinectes similis,similis,F,mature,,44.56,88.33,73.31,42.25,31.19,38.46,11.92,1.31,N,BLK,DARK ORANGE,OK,,mature,N,none,Y,N,full,3,,2.94,0
CR289,2021-10_BC_13,2021-10,10/13/21,BC,Boca de Cangrejos,Callinectes sp. (unidentified),unidentified,M,mature,,77.8,81.1,75.4,48.8,35.4,66.6,15.5,,-,-,-,OK,,mature,,,,,,,,,0
CR290,2021-10_DY_13,2021-10,10/13/21,DY,Suarez Channel,Callinectes bocourti,bocourti,F,mature,,76.28,112.1,91.48,55.9,41.38,,,1.2,N,BLK,ORANGE,"R1,L1",,mature,N,none,Y,N,full,3,,1.573,2
CR291,2021-10_DY_13,2021-10,10/13/21,DY,Suarez Channel,Callinectes bocourti,bocourti,F,mature,,73.75,103.37,85.88,53.17,37.87,42.66,13.8,0.18,N,BLK,BEIGE,L4,,mature,N,none,Y,N,light,1,,0.244,1
CR292,2021-10_DY_13,2021-10,10/13/21,DY,Suarez Channel,Callinectes bocourti,bocourti,F,mature,,63.6,100,83.7,50.5,35.1,,,6.26,N,BLK,BEIGE,"R1,L1",,mature,N,none,Y,N,light,1,,9.843,2
CR293,2021-10_DY_13,2021-10,10/13/21,DY,Suarez Channel,Callinectes bocourti,bocourti,F,mature,,63.4,97.4,81.8,49.5,33.4,42.1,12.4,4.97,N,BLK,DARK ORANGE,"L5,R3 CRACKED CARAPACE",,mature,N,none,Y,N,full,3,,7.839,2
CR294,2021-10_DY_13,2021-10,10/13/21,DY,Suarez Channel,Callinectes similis,similis,M,mature,,93.11,123.4,90.6,52.3,37.4,66,18.3,,-,-,-,MAT,,mature,,,,,,,,,0
CR295,2021-10_AP_14,2021-10,10/14/21,AP,Luis Munoz Marin Airport,Callinectes bocourti,bocourti,F,mature,,80,108.8,91.2,57.2,40.4,50.1,14.1,2.28,N,BLACK,ORANGE,"R1,R2,L3",,mature,N,none,Y,N,full,3,,2.85,3
CR296,2021-10_AP_14,2021-10,10/14/21,AP,Luis Munoz Marin Airport,Callinectes bocourti,bocourti,F,mature,,101.37,105.37,88.71,54.59,38.48,45.99,15.47,0.39,Y/L,BROWN/ORANGE,BEIGE,OK,,mature,Y,orange-brown,,N,light,1,2,0.385,0
CR297,2021-10_AP_14,2021-10,10/14/21,AP,Luis Munoz Marin Airport,Callinectes bocourti,bocourti,F,mature,,55.95,102.58,80.9,48.2,35.49,41.05,10.95,1.92,N,BLACK,ORANGE,R1,,mature,N,none,Y,N,full,3,,3.432,1
CR298,2021-10_AP_14,2021-10,10/14/21,AP,Luis Munoz Marin Airport,Callinectes bocourti,bocourti,F,mature,,64.68,101.52,81.37,49.05,36.43,43.27,14.89,2.98,N,BLACK,ORANGE,OK,,mature,N,none,Y,N,full,3,,4.607,0
CR299,2021-10_AP_14,2021-10,10/14/21,AP,Luis Munoz Marin Airport,Callinectes bocourti,bocourti,F,mature,,49,91.2,73.8,46.3,30.9,32.4,11.3,0.8,Y,ORANGE,BEIGE,,,mature,Y,orange,,N,light,1,1,1.633,0
CR300,2021-10_AP_14,2021-10,10/14/21,AP,Luis Munoz Marin Airport,Callinectes larvatus,larvatus,M,mature,,68.4,94.7,78.8,45.4,30.6,,,,-,-,-,OK,,mature,,,,,,,,,0
CR301,2021-10_AP_14,2021-10,10/14/21,AP,Luis Munoz Marin Airport,Callinectes ornatus,ornatus,F,mature,,80.1,109.8,91.1,56.6,36.5,,13.2,1.35,N,BLACK,ORANGE,"L1,L3",,mature,N,none,Y,N,full,3,,1.685,2
CR302,2021-10_AP_14,2021-10,10/14/21,AP,Luis Munoz Marin Airport,Callinectes ornatus,ornatus,F,mature,,86.8,105.6,88.6,57.2,41.5,52.6,15,6.38,N,BLACK,DARK ORANGE,R1,,mature,N,none,Y,N,full,3,,7.35,1
CR303,2021-10_AP_14,2021-10,10/14/21,AP,Luis Munoz Marin Airport,Callinectes ornatus,ornatus,F,mature,,59.85,102.47,79.66,46.79,32.49,44.72,15.88,3.19,N,CLEAR,ORANGE,OK,,mature,N,none,N,N,full,3,,5.33,0
CR304,2021-10_AP_14,2021-10,10/14/21,AP,Luis Munoz Marin Airport,Callinectes ornatus,ornatus,F,mature,,60.87,101.06,79.98,45.94,33.99,41.68,15.12,0.86,N,BLACK,ORANGE,"R3,R5",,mature,N,none,Y,N,full,3,,1.413,2
CR305,2021-10_AP_14,2021-10,10/14/21,AP,Luis Munoz Marin Airport,Callinectes ornatus,ornatus,F,mature,,48.65,95.72,74.5,44.01,31.81,41.78,13.44,2.51,N,CLEAR,ORANGE,OK,,mature,N,none,N,N,full,3,,5.159,0
CR306,2021-10_AP_14,2021-10,10/14/21,AP,Luis Munoz Marin Airport,Callinectes sapidus,sapidus,F,mature,,76.1,160.89,88.15,52.2,38.54,45.87,15.77,3.41,N,BLACK,ORANGE,OK,,mature,N,none,Y,N,full,3,,4.481,0
CR307,2021-10_AP_14,2021-10,10/14/21,AP,Luis Munoz Marin Airport,Callinectes sapidus,sapidus,F,mature,,111.7,125,104.1,61.5,40.8,58.6,15.2,5.63,N,BLACK,ORANGE,"L1,SPINE",,mature,N,none,Y,N,full,3,,5.04,1
CR308,2021-10_AP_14,2021-10,10/14/21,AP,Luis Munoz Marin Airport,Callinectes sapidus,sapidus,F,mature,,107.23,124.87,97.9,56.47,41.56,55.6,16.98,6.42,N,BLACK,ORANGE,OK,,mature,N,none,Y,N,full,3,,5.987,0
CR309,2021-10_AP_14,2021-10,10/14/21,AP,Luis Munoz Marin Airport,Callinectes sapidus,sapidus,F,mature,,114.1,124.8,97.5,56.9,40.6,58.3,18.8,7.33,N,BLACK,ORANGE,R4,,mature,N,none,Y,N,full,3,,6.424,1
CR310,2021-10_AP_14,2021-10,10/14/21,AP,Luis Munoz Marin Airport,Callinectes sapidus,sapidus,F,mature,,111.4,121.2,102.6,59.4,41.8,55.4,16,2.96,N,BLACK,ORANGE,"L1,SPINE",,mature,N,none,Y,N,full,3,,2.657,1
CR311,2021-10_AP_14,2021-10,10/14/21,AP,Luis Munoz Marin Airport,Callinectes sapidus,sapidus,F,mature,,110.5,121.05,98.62,58.18,44.25,54.42,19.88,0.92,N,CLEAR,BEIGE/WHITE,OK,,mature,N,none,N,N,light,1,,0.833,0
CR312,2021-10_AP_14,2021-10,10/14/21,AP,Luis Munoz Marin Airport,Callinectes sapidus,sapidus,F,mature,,80.13,107.23,84.52,48.88,35.72,45.62,19.39,0.89,Y/L,ORANGE,ORANGE,OK,,mature,Y,orange,,N,full,3,1,1.111,0
CR313,2021-10_AP_14,2021-10,10/14/21,AP,Luis Munoz Marin Airport,Callinectes sapidus,sapidus,F,mature,,68.4,105.96,83.82,50.32,37.02,41.82,15.6,3.65,N,BLACK,ORANGE,OK,,mature,N,none,Y,N,full,3,,5.336,0
CR314,2021-10_BC_14,2021-10,10/14/21,BC,Boca de Cangrejos,Callinectes larvatus,larvatus,F,mature,,54.27,92.42,75.75,42.24,30.51,43.1,16.44,1.82,N,BLACK,ORANGE,OK,,mature,N,none,Y,N,full,3,,3.354,0
CR315,2021-10_BC_14,2021-10,10/14/21,BC,Boca de Cangrejos,Callinectes ornatus,ornatus,F,mature,,48.7,98.9,77.9,45.4,33.2,46.1,14.1,3.8,N,BLACK,ORANGE,"R1,L2",,mature,N,none,Y,N,full,3,,7.803,2
CR316,2021-10_BC_14,2021-10,10/14/21,BC,Boca de Cangrejos,Callinectes ornatus,ornatus,F,mature,,41.02,91,73.14,41.91,31.72,38.99,11.01,2.18,N,BLACK,DARK ORANGE,R1,,mature,N,none,Y,N,full,3,,5.314,1
CR317,2021-10_BC_14,2021-10,10/14/21,BC,Boca de Cangrejos,Callinectes sapidus,sapidus,F,mature,,91.9,131.2,101.5,58.7,41.7,,,0.86,N,BLACK,YELLOW,"R1,L1,L5",,mature,N,none,Y,N,medium,2,,0.936,3
CR318,2021-10_DY_14,2021-10,10/14/21,DY,Suarez Channel,Callinectes bocourti,bocourti,M,mature,,153.64,117.24,101.89,61.56,36,72.59,27.16,,-,-,-,L1,,mature,,,,,,,,,1
CR319,2021-10_DY_14,2021-10,10/14/21,DY,Suarez Channel,Callinectes bocourti,bocourti,F,mature,,94.72,111.7,91.56,55.51,38.78,48.48,16.92,10.23,N,CLEAR,ORANGE,OK,,mature,N,none,N,N,full,3,,10.8,0
CR320,2021-10_DY_14,2021-10,10/14/21,DY,Suarez Channel,Callinectes bocourti,bocourti,F,mature,,74,106.11,86.5,55.3,37,48.5,14.3,1.94,N,BLACK,ORANGE,"R3,R4,R5",,mature,N,none,Y,N,full,3,,2.622,3
CR321,2021-10_DY_14,2021-10,10/14/21,DY,Suarez Channel,Callinectes bocourti,bocourti,F,mature,,73.89,101.55,84.84,51.58,36.94,47.74,16.29,0.48,N,BLACK,BEIGE,OK,,mature,N,none,Y,N,light,1,,0.65,0
CR322,2021-10_DY_14,2021-10,10/14/21,DY,Suarez Channel,Callinectes bocourti,bocourti,F,mature,,66.26,98.94,82.46,49.09,36.92,42.45,15.84,7.48,N,CLEAR,ORANGE,OK,,mature,N,none,N,N,full,3,,11.289,0
CR323,2021-10_DY_14,2021-10,10/14/21,DY,Suarez Channel,Callinectes bocourti,bocourti,F,mature,,68.11,87.2,78.2,49,37.3,47.7,12.2,4.88,N,BLACK,DARK ORANGE,OK,,mature,N,none,Y,N,full,3,,7.165,0
CR324,2021-10_DY_14,2021-10,10/14/21,DY,Suarez Channel,Callinectes sapidus,sapidus,M,mature,,135.2,131.3,104.7,59.8,37.2,69.7,20.2,,-,-,-,"R1,R4",,mature,,,,,,,,,2
CR325,2021-10_DY_14,2021-10,10/14/21,DY,Suarez Channel,Callinectes sapidus,sapidus,F,mature,,96.4,117.5,94.3,55.3,42.2,54,17.6,0.77,N,BLACK,BEIGE/WHITE,OK,,mature,N,none,Y,N,light,1,,0.799,0
CR326,2021-10_DY_14,2021-10,10/14/21,DY,Suarez Channel,Callinectes sapidus,sapidus,F,mature,,68.49,103.15,84.69,48.84,37.18,41.13,10.44,0.98,Y/M,ORANGE,ORANGE,OK,,mature,Y,orange,,N,full,3,1,1.431,0
CR327,2021-10_DY_14,2021-10,10/14/21,DY,Suarez Channel,Callinectes sapidus,sapidus,M,immature,,12.3,61.3,45.5,27.5,19.9,29.9,7.8,,-,-,-,OK,,immature,,,,,,,,,0
CR328,2021-10_AP_15,2021-10,10/15/21,AP,Luis Munoz Marin Airport,Callinectes bocourti,bocourti,F,,,109.92,117.17,105.61,61.05,44.29,49.6,14.45,4.56,N,BLACK,ORANGE,"L1,L5,R5",,,N,none,Y,N,full,3,,4.148,3
CR329,2021-10_AP_15,2021-10,10/15/21,AP,Luis Munoz Marin Airport,Callinectes bocourti,bocourti,F,,,76.1,105.5,86.8,53.1,40,50.6,16.1,3.51,N,BLACK,DARK ORANGE,"L4,L5",,,N,none,Y,N,full,3,,4.612,2
CR330,2021-10_AP_15,2021-10,10/15/21,AP,Luis Munoz Marin Airport,Callinectes bocourti,bocourti,F,,,78.63,104.92,86.26,54.61,38.98,45.21,13.44,9.05,N,BLACK,ORANGE,OK,,,N,none,Y,N,full,3,,11.51,0
CR331,2021-10_AP_15,2021-10,10/15/21,AP,Luis Munoz Marin Airport,Callinectes larvatus,larvatus,M,,,80.6,102.6,84.2,47.1,30.8,61.5,18.4,,-,-,-,"R4,R5,L4",,,,,,,,,,,3
CR332,2021-10_AP_15,2021-10,10/15/21,AP,Luis Munoz Marin Airport,Callinectes ornatus,ornatus,F,,,54.99,100.8,78.48,46.34,33.87,40.29,12.64,3.02,N,BLACK,DARK ORANGE,OK,,,N,none,Y,N,full,3,,5.492,0
CR333,2021-10_AP_15,2021-10,10/15/21,AP,Luis Munoz Marin Airport,Callinectes ornatus,ornatus,F,,,48.93,91.61,70.4,40.7,30.76,40.75,14.62,0.01,Y/L,ORANGE,BEIGE,OK,,,Y,orange,,N,light,1,1,0.02,0
CR334,2021-10_AP_15,2021-10,10/15/21,AP,Luis Munoz Marin Airport,Callinectes ornatus,ornatus,F,,,37.1,86.1,67.4,39.1,30.6,41.3,12.7,2.65,N,BLACK,DARK ORANGE,OK,,,N,none,Y,N,full,3,,7.143,0
CR335,2021-10_AP_15,2021-10,10/15/21,AP,Luis Munoz Marin Airport,Callinectes sapidus,sapidus,F,,,94.11,117.04,92.42,55.16,40.44,49.96,18.7,7.02,N,BLACK,ORANGE,OK,,,N,none,Y,N,full,3,,7.459,0
CR336,2021-10_AP_15,2021-10,10/15/21,AP,Luis Munoz Marin Airport,Callinectes similis,similis,M,,,64.29,102.86,79.23,45.84,32.5,53.3,14.44,,-,-,-,OK,,,,,,,,,,,0
CR337,2021-10_AP_15,2021-10,10/15/21,AP,Luis Munoz Marin Airport,Callinectes similis,similis,M,,,44.1,93,72.5,40.8,26.8,48.2,13.7,,-,-,-,OK,,,,,,,,,,,0
CR338,2021-10_AP_15,2021-10,10/15/21,AP,Luis Munoz Marin Airport,Callinectes similis,similis,F,,,41.7,88.3,68,39.8,28,38.3,11.1,0.25,Y,ORANGE,ORANGE,"R1,R3",,,Y,orange,,N,full,3,1,0.6,2
CR339,2021-10_AP_15,2021-10,10/15/21,AP,Luis Munoz Marin Airport,Callinectes similis,similis,F,immature,,,72.47,56.75,33.01,22.53,30.45,8.58,,N,-,NONE,OK,,immature,N,none,,N,,,,,0
CR340,2021-10_BC_15,2021-10,10/15/21,BC,Boca de Cangrejos,Callinectes larvatus,larvatus,F,,,36.8,81.8,65.5,37.3,28.7,40.7,14.5,0.67,N,BLACK,ORANGE,OK,,,N,none,Y,N,full,3,,1.821,0
CR341,2021-10_BC_15,2021-10,10/15/21,BC,Boca de Cangrejos,Callinectes larvatus,larvatus,M,immature,,36.3,81.6,66.5,37.8,24.8,40.9,13.3,,-,-,-,OK,,immature,,,,,,,,,0
CR342,2021-10_BC_15,2021-10,10/15/21,BC,Boca de Cangrejos,Callinectes ornatus,ornatus,F,,,70.74,108.11,84.45,47.81,37.23,45.94,15.2,1.97,N,BLACK,ORANGE,OK,,,N,none,Y,N,full,3,,2.785,0
CR343,2021-10_DY_15,2021-10,10/15/21,DY,Suarez Channel,Callinectes bocourti,bocourti,M,,,102.2,112.7,93.9,56.7,33.6,68.6,20.1,,-,-,-,L1,,,,,,,,,,,1
CR344,2021-10_DY_15,2021-10,10/15/21,DY,Suarez Channel,Callinectes bocourti,bocourti,F,,,82.28,107.54,89.57,54.84,39.87,44.88,14.34,,N,CLEAR,NONE,OK,,,N,none,N,N,,,,,0
CR345,2021-10_DY_15,2021-10,10/15/21,DY,Suarez Channel,Callinectes bocourti,bocourti,F,,,87.11,105.06,88.02,54.49,39.78,47.54,14.18,0.68,Y/L,ORANGE AND BROWN,BEIGE,OK,,,Y,orange-brown,,N,light,1,2,0.781,0
CR346,2021-10_DY_15,2021-10,10/15/21,DY,Suarez Channel,Callinectes bocourti,bocourti,F,,,86.33,100.38,81.59,50.48,34.74,41.1,12.99,0.69,Y/L,DARK ORANGE,PALE ORANGE,OK,,,Y,orange,,N,medium,2,1,0.799,0
CR347,2021-10_DY_15,2021-10,10/15/21,DY,Suarez Channel,Callinectes bocourti,bocourti,F,,,,94.4,79,48.9,30.1,42.8,12.5,0.46,Y,ORANGE,PALE ORANGE,OK,,,Y,orange,,N,medium,2,1,,0
CR348,2021-10_DY_15,2021-10,10/15/21,DY,Suarez Channel,Callinectes sapidus,sapidus,F,,,81.8,116.9,88.2,52.6,40.7,55.4,18.9,2.2,N,BLACK,ORANGE,OK,,,N,none,Y,N,full,3,,2.689,0
CR349,2021-10_DY_15,2021-10,10/15/21,DY,Suarez Channel,Callinectes similis,similis,M,,,73.51,110.2,81.06,48.34,34.62,55.37,16.86,,-,-,-,OK,,,,,,,,,,,0