Year,Month,ID,sex,Carapace width (lateral spines) (mm),Carapace length (mm),Carapace width (base) (mm),Maturity,Claw Height (mm),Abdomen width (mm),carapace_width_spines,chela_height,abdomen_width
2020,October,ORNATUS,F,132.57,63.11,107.54,-,22.52,44.55,132.57,22.52,44.55
2020,October,BOCOURTI,F,NA,NA,56,-,NA,NA,NA,NA,NA
2020,October,SIMILIS,F,NA,NA,NA,-,NA,NA,NA,NA,NA
2020,October,SAPIDUS,F,119.27,56.25,97.64,-,18.46,40.1,119.27,18.46,40.1
2020,October,BOCOURTI,F,121,60,77,-,17,44.1,121,17,44.1
2020,October,SAPIDUS,M,116,59.08,83,-,19.8,38.1,116,19.8,38.1
2020,October,SIMILIS,M,117.27,49.97,71,-,15.81,32.42,117.27,15.81,32.42
2020,October,SAPIDUS,M,115,57.67,73.4,-,19.22,35,115,19.22,35
2020,October,BOCOURTI,M,117.2,60.47,84,-,18.73,35.4,117.2,18.73,35.4
2020,October,SIMILIS,M,129.19,56,74.6,-,16.7,35.2,129.19,16.7,35.2
2020,October,BOCOURTI,M,107.2,60.29,77.04,-,18.9,35.02,107.2,18.9,35.02
2020,October,SIMILIS,M,107.53,48,68.21,-,14.88,28.52,107.53,14.88,28.52
2020,October,SIMILIS,M,111,48.5,62.5,-,17,31.3,111,17,31.3
2020,October,BOCOURTI,M,98.47,53,60,-,18,32,98.47,18,32
2020,October,SAPIDUS,M,106,51,67.04,-,19.9,31.45,106,19.9,31.45
2020,October,SIMILIS,M,118,51.4,68,-,17,31.2,118,17,31.2
2020,October,BOCOURTI,M,109.15,56.69,76.32,-,19.33,33.49,109.15,19.33,33.49
2020,October,BOCOURTI,F,NA,NA,NA,-,NA,NA,NA,NA,NA
2020,October,SAPIDUS,F,108,51.2,65,-,17,35.3,108,17,35.3
2020,October,SAPIDUS,F,118.85,55.09,88.19,-,16.77,36.82,118.85,16.77,36.82
2021,April,SIMILIS,F,66.47,31.31,50.89,IM,8.81,21.05,66.47,8.81,21.05
2021,April,SIMILIS,F,78.47,40.45,61.37,IM,8.81,24.8,78.47,8.81,24.8
2021,July,SIMILIS,F,70.08,32.86,54.42,IM,10.3,16.42,70.08,10.3,16.42
2021,July,SAPIDUS,F,106.68,49.99,85.56,IM,13.31,26.67,106.68,13.31,26.67
2021,July,SAPIDUS,F,72.24,35.53,61.1,IM,10.11,19.98,72.24,10.11,19.98
2021,October,SIMILIS,F,72.47,33.01,56.75,IM,8.58,22.53,72.47,8.58,22.53
2021,October,SAPIDUS,M,61.3,27.5,45.5,IM,7.8,19.9,61.3,7.8,19.9
2021,January,BOCOURTI,F,86,46,76,M,14,32,86,14,32
2021,October,BOCOURTI,F,103.37,53.17,85.88,M,13.8,37.87,103.37,13.8,37.87
2021,July,SAPIDUS,F,124.33,56.65,100,M,20.01,41.11,124.33,20.01,41.11
2021,July,BOCOURTI,F,112.64,54.4,91.86,M,15.39,40.86,112.64,15.39,40.86
2020,October,BOCOURTI,F,97.63,48.38,80,m,12.01,36.26,97.63,12.01,36.26
2021,July,ORNATUS,F,100.53,51.17,85.59,M,13.35,31.19,100.53,13.35,31.19
2021,July,ORNATUS,F,100,51.1,84.51,M,13.27,NA,100,13.27,NA
2021,October,BOCOURTI,F,101.55,51.58,84.84,M,16.29,36.94,101.55,16.29,36.94
2021,January,BOCOURTI,F,95.72,51.07,80.1,M,14.07,34.42,95.72,14.07,34.42
2021,October,SAPIDUS,F,113.7,50.5,88.23,M,16.4,37.4,113.7,16.4,37.4
2021,October,BOCOURTI,F,100.05,54.61,86.17,M,16.03,39.16,100.05,16.03,39.16
2021,July,BOCOURTI,F,105.39,52.02,84.57,M,12.75,37.61,105.39,12.75,37.61
2021,July,BOCOURTI,F,100.04,53.35,90.07,M,14.42,32.36,100.04,14.42,32.36
2021,July,ORNATUS,F,104.91,54.3,86.25,M,15.1,38.47,104.91,15.1,38.47
2021,July,BOCOURTI,F,98.89,50,82.31,M,13.34,31.12,98.89,13.34,31.12
2021,January,SAPIDUS,F,136.52,62.37,106.45,M,17.67,45.46,136.52,17.67,45.46
2021,April,ORNATUS,F,103.15,54.21,87.54,M,14.69,37.58,103.15,14.69,37.58
2020,October,BOCOURTI,F,102.46,51.67,84.07,m,14.11,36.3,102.46,14.11,36.3
2021,April,BOCOURTI,F,100.78,60.36,84.68,M,13.33,39.3,100.78,13.33,39.3
2021,October,BOCOURTI,F,100,50.5,83.7,M,NA,35.1,100,NA,35.1
2021,January,SAPIDUS,F,128,66,108,M,20,45,128,20,45
2021,January,SAPIDUS,F,122,59,96,M,18,42,122,18,42
2021,October,SAPIDUS,F,117.5,55.3,94.3,M,17.6,42.2,117.5,17.6,42.2
2021,October,SAPIDUS,F,121.05,58.18,98.62,M,19.88,44.25,121.05,19.88,44.25
2021,July,BOCOURTI,F,91.86,48.17,80.41,M,16.1,33.59,91.86,16.1,33.59
2021,July,BOCOURTI,F,93.37,48.86,78.9,M,11.2,29.98,93.37,11.2,29.98
2021,April,BOCOURTI,F,88.79,57.58,80.72,M,N/A,35.22,88.79,NA,35.22
2021,October,SAPIDUS,F,123.3,58.9,100.4,M,21.1,40,123.3,21.1,40
2021,October,SIMILIS,F,88.33,42.25,73.31,M,11.92,31.19,88.33,11.92,31.19
2021,April,BOCOURTI,F,89.63,48,79.25,M,15.73,30.33,89.63,15.73,30.33
2021,July,BOCOURTI,F,100.93,54.31,86.53,M,20,37.71,100.93,20,37.71
2021,April,BOCOURTI,F,96.9,52.94,85.08,M,18.99,33.35,96.9,18.99,33.35
2021,July,BOCOURTI,F,95.43,50.05,83.3,M,16.73,35.55,95.43,16.73,35.55
2021,October,ORNATUS,F,91,41.91,73.14,M,11.01,31.72,91,11.01,31.72
2021,July,BOCOURTI,F,110.15,54.02,89.3,M,14.38,40.67,110.15,14.38,40.67
2021,July,SIMILIS,F,82.25,33.75,65.53,M,12.23,28.81,82.25,12.23,28.81
2021,July,BOCOURTI,F,114.5,56.35,95.87,M,15.71,39.66,114.5,15.71,39.66
2021,July,SIMILIS,F,102.16,46.95,79.25,M,14.03,29.29,102.16,14.03,29.29
2021,October,ORNATUS,F,103.2,45.5,75.5,M,15.5,32.1,103.2,15.5,32.1
2021,July,SAPIDUS,F,118.84,52.3,93.37,M,15.55,33.32,118.84,15.55,33.32
2021,April,BOCOURTI,F,93.02,53.8,79.2,M,13.29,35.66,93.02,13.29,35.66
2021,April,BOCOURTI,F,94.25,51.44,83.18,M,17.7,32,94.25,17.7,32
2021,July,BOCOURTI,F,95.61,51.91,84.21,M,14.79,32.3,95.61,14.79,32.3
2021,July,BOCOURTI,F,111.12,54.46,90.05,M,16.67,31.14,111.12,16.67,31.14
2021,October,BOCOURTI,F,96.22,51.23,84.16,M,15.81,36.32,96.22,15.81,36.32
2021,April,BOCOURTI,F,99.31,61.36,87.6,M,16.65,38.77,99.31,16.65,38.77
2021,October,ORNATUS,F,94.69,43.02,75.2,M,41.47,32.33,94.69,41.47,32.33
2021,October,SIMILIS,F,95.66,43.45,74.51,M,12.61,32.85,95.66,12.61,32.85
2021,April,BOCOURTI,F,94.14,50.62,81.52,M,13.85,31.37,94.14,13.85,31.37
2021,October,BOCOURTI,F,87.2,49,78.2,M,12.2,37.3,87.2,12.2,37.3
2021,April,BOCOURTI,F,91.69,50.06,79.23,M,17.81,34.45,91.69,17.81,34.45
2021,October,BOCOURTI,F,97.4,49.5,81.8,M,12.4,33.4,97.4,12.4,33.4
2021,July,ORNATUS,F,100.37,52.4,85.73,M,15.26,38.91,100.37,15.26,38.91
2021,October,ORNATUS,F,105.6,57.2,88.6,M,15,41.5,105.6,15,41.5
2021,July,SAPIDUS,F,144.19,65.47,106.1,M,N/A,50.85,144.19,NA,50.85
2021,July,BOCOURTI,F,98.54,51.77,83.96,M,13.75,34.35,98.54,13.75,34.35
2021,July,BOCOURTI,F,90.06,48.82,80.01,M,17.76,26.69,90.06,17.76,26.69
2021,July,BOCOURTI,F,103.25,51.1,84.41,M,15.47,37.84,103.25,15.47,37.84
2021,July,BOCOURTI,F,92.2,49.79,80.95,M,14.44,36.61,92.2,14.44,36.61
2021,October,BOCOURTI,F,121.9,61.1,102,M,27.8,42,121.9,27.8,42
2021,April,BOCOURTI,F,106.11,54.75,92.39,M,17.36,36.99,106.11,17.36,36.99
2021,April,BOCOURTI,F,106.22,54.12,86.77,M,13.64,36.15,106.22,13.64,36.15
2021,October,ORNATUS,F,92.2,40,73.2,M,14.4,31.1,92.2,14.4,31.1
2021,October,ORNATUS,F,81.9,40.4,68.8,M,13.4,27.9,81.9,13.4,27.9
2021,January,SAPIDUS,F,130,65,105,M,23,43,130,23,43
2021,July,BOCOURTI,F,102.18,51.15,95.54,M,13.32,30.05,102.18,13.32,30.05
2021,January,SAPIDUS,F,118,59,98,M,16,45,118,16,45
2021,July,ORNATUS,F,101.12,55.6,87.79,M,16.65,31.16,101.12,16.65,31.16
2021,July,ORNATUS,F,121.13,61.17,100.06,M,17.75,34.48,121.13,17.75,34.48
2020,October,BOCOURTI,F,111,57,70,m,15.4,41,111,15.4,41
2020,October,BOCOURTI,F,117.58,58.29,96.6,m,x,41.52,117.58,NA,41.52
2020,October,SAPIDUS,F,107,49,59.22,m,16,37.5,107,16,37.5
2020,October,BOCOURTI,F,98.2,51,64,m,15,35,98.2,15,35
2020,October,SAPIDUS,F,134.17,60.76,79.61,m,19.4,44,134.17,19.4,44
2020,October,BOCOURTI,F,105,53,72,m,13,37,105,13,37
2020,October,BOCOURTI,F,98.79,50.04,67.1,m,15.2,36,98.79,15.2,36
2020,October,SAPIDUS,F,114,53,72.44,m,19.4,39.3,114,19.4,39.3
2020,October,ORNATUS,F,95.5,49.2,64,m,14,36.1,95.5,14,36.1
2021,April,BOCOURTI,F,93.52,49.97,81.49,M,14.38,31.78,93.52,14.38,31.78
2021,July,BOCOURTI,F,107.15,57.18,87.38,M,14.82,34.5,107.15,14.82,34.5
2021,July,BOCOURTI,F,112.43,57.27,94.63,M,18.97,42.75,112.43,18.97,42.75
2021,April,SAPIDUS,F,122.97,62.49,97.47,M,20.41,42.55,122.97,20.41,42.55
2021,January,SAPIDUS,F,115,55,95,M,15,38,115,15,38
2021,April,BOCOURTI,F,100.09,55.29,89.59,M,20.93,37.6,100.09,20.93,37.6
2020,October,SAPIDUS,F,117,61,76,m,21,41.2,117,21,41.2
2021,January,SAPIDUS,F,108,50,90,M,15,36,108,15,36
2021,January,SAPIDUS,F,119,55,96,M,15,40,119,15,40
2021,April,SAPIDUS,F,119.9,54.43,96.67,M,15.53,37.77,119.9,15.53,37.77
2021,January,BOCOURTI,F,100,58,90,M,22,36,100,22,36
2021,April,BOCOURTI,F,78.07,37.69,62.52,M,7.99,23.3,78.07,7.99,23.3
2020,October,BOCOURTI,F,103.78,50,69.34,m,13.2,36.49,103.78,13.2,36.49
2020,October,SAPIDUS,F,127,61,84.3,m,NA,44,127,NA,44
2021,January,SAPIDUS,F,114.64,52.07,91.35,M,15.85,38.79,114.64,15.85,38.79
2021,April,SIMILIS,F,89,53.35,76.87,M,13.65,34.32,89,13.65,34.32
2020,October,SAPIDUS,F,106,49.77,68,m,17,36,106,17,36
2020,October,BOCOURTI,F,89.2,48.2,60,m,15.2,32,89.2,15.2,32
2021,October,ORNATUS,F,101.06,45.94,79.98,M,15.12,33.99,101.06,15.12,33.99
2020,October,BOCOURTI,F,105,53,63,m,14.8,38,105,14.8,38
2021,October,BOCOURTI,F,91.41,48.15,80.09,M,14.35,33.43,91.41,14.35,33.43
2021,January,SAPIDUS,F,122.76,56.83,98.39,M,N/A,40.24,122.76,NA,40.24
2021,January,ORNATUS,F,98.91,46.4,78.49,M,16.11,33.98,98.91,16.11,33.98
2021,October,BOCOURTI,F,112.1,55.9,91.48,M,NA,41.38,112.1,NA,41.38
2020,October,SAPIDUS,F,116.43,53.28,93.18,m,15.22,37.98,116.43,15.22,37.98
2021,October,ORNATUS,F,109.8,56.6,91.1,M,13.2,36.5,109.8,13.2,36.5
2021,April,BOCOURTI,F,108.35,58.3,84.92,M,11.98,40.98,108.35,11.98,40.98
2021,July,BOCOURTI,F,103.09,54.27,89.57,M,17.93,37.66,103.09,17.93,37.66
2021,July,SIMILIS,F,95.4,46.63,80.01,M,15.58,34.42,95.4,15.58,34.42
2021,January,SAPIDUS,F,126,60,105,M,16,42,126,16,42
2021,July,BOCOURTI,F,109.84,54.3,89.8,M,14.43,39.95,109.84,14.43,39.95
2021,July,BOCOURTI,F,110.87,56.68,94.24,M,13.24,40.08,110.87,13.24,40.08
2021,April,BOCOURTI,F,107.47,57.85,86.94,M,12.98,40.42,107.47,12.98,40.42
2021,July,BOCOURTI,F,96.61,53.26,85.06,M,21.1,36.64,96.61,21.1,36.64
2021,January,BOCOURTI,F,78.94,49.49,74.41,M,15.54,34.39,78.94,15.54,34.39
2020,October,SAPIDUS,F,118.35,54.1,93.62,m,x,40.55,118.35,NA,40.55
2021,October,BOCOURTI,F,102.58,48.2,80.9,M,10.95,35.49,102.58,10.95,35.49
2021,October,BOCOURTI,F,106.11,55.3,86.5,M,14.3,37,106.11,14.3,37
2021,April,ORNATUS,F,107.52,55.84,88.72,M,13.6,37.06,107.52,13.6,37.06
2021,October,BOCOURTI,F,108.8,57.2,91.2,M,14.1,40.4,108.8,14.1,40.4
2021,January,SAPIDUS,F,113.8,51.84,88.23,M,16.19,38.31,113.8,16.19,38.31
2021,July,ORNATUS,F,114.02,57.96,94.25,M,15.44,42.42,114.02,15.44,42.42
2021,July,BOCOURTI,F,112.2,55.56,91.15,M,15.58,42.22,112.2,15.58,42.22
2021,October,ORNATUS,F,95.72,44.01,74.5,M,13.44,31.81,95.72,13.44,31.81
2021,July,BOCOURTI,F,94.33,51.13,83.26,M,20,35.52,94.33,20,35.52
2021,January,SAPIDUS,F,118,57,97,M,18,40,118,18,40
2020,October,SAPIDUS,F,123.65,57.67,123.22,m,18.56,41.08,123.65,18.56,41.08
2021,October,SAPIDUS,F,121.2,59.4,102.6,M,16,41.8,121.2,16,41.8
2021,October,BOCOURTI,F,101.52,49.05,81.37,M,14.89,36.43,101.52,14.89,36.43
2021,October,ORNATUS,F,102.47,46.79,79.66,M,15.88,32.49,102.47,15.88,32.49
2021,April,SIMILIS,F,108.03,49.38,85.38,M,16.67,33.54,108.03,16.67,33.54
2021,April,BOCOURTI,F,88.13,51.4,76.44,M,13.47,33.88,88.13,13.47,33.88
2021,July,SIMILIS,F,92.87,42.12,72.05,M,14.82,27.94,92.87,14.82,27.94
2021,October,SAPIDUS,F,160.89,52.2,88.15,M,15.77,38.54,160.89,15.77,38.54
2021,October,SAPIDUS,F,105.96,50.32,83.82,M,15.6,37.02,105.96,15.6,37.02
2020,October,SAPIDUS,F,120,55.5,71,m,20,41,120,20,41
2020,October,SAPIDUS,F,112,54,68,m,15.6,38.1,112,15.6,38.1
2021,October,ORNATUS,F,98.9,45.4,77.9,M,14.1,33.2,98.9,14.1,33.2
2020,October,SAPIDUS,F,111.28,51.71,88.42,m,15.39,36.91,111.28,15.39,36.91
2021,April,BOCOURTI,F,104.97,55.12,91.66,M,21.21,38.97,104.97,21.21,38.97
2020,October,BOCOURTI,F,96.01,49.4,80.8,m,14.44,36.22,96.01,14.44,36.22
2021,July,BOCOURTI,F,100.17,49.64,82.5,M,12.55,35.32,100.17,12.55,35.32
2021,January,SAPIDUS,F,123,56,95,M,19,40,123,19,40
2021,January,BOCOURTI,F,100.21,52.94,88.34,M,18.95,37.49,100.21,18.95,37.49
2021,January,SAPIDUS,F,110,50,88,M,16,35,110,16,35
2021,January,BOCOURTI,F,100.56,51.17,82.48,M,12.3,37.07,100.56,12.3,37.07
2021,January,SAPIDUS,F,125,60,103,M,16,43,125,16,43
2021,October,SAPIDUS,F,113.31,51.8,89.26,M,17.25,37.61,113.31,17.25,37.61
2020,October,SAPIDUS,F,132.83,59.42,102.68,m,19.77,43.73,132.83,19.77,43.73
2021,October,SAPIDUS,F,125,61.5,104.1,M,15.2,40.8,125,15.2,40.8
2021,January,SAPIDUS,F,126,60,105,M,20,43,126,20,43
2021,October,BOCOURTI,F,101.16,55.22,84.95,M,14.79,38.41,101.16,14.79,38.41
2021,October,SAPIDUS,F,124.87,56.47,97.9,M,16.98,41.56,124.87,16.98,41.56
2021,April,ORNATUS,F,95.87,50.05,79.23,M,15.69,36.55,95.87,15.69,36.55
2020,October,SAPIDUS,F,125.42,56.11,75,m,16.6,41.4,125.42,16.6,41.4
2021,October,SAPIDUS,F,124.8,56.9,97.5,M,18.8,40.6,124.8,18.8,40.6
2021,October,BOCOURTI,F,98.94,49.09,82.46,M,15.84,36.92,98.94,15.84,36.92
2021,January,SAPIDUS,F,123.74,57.25,101.18,M,17.47,42.43,123.74,17.47,42.43
2021,January,SAPIDUS,F,121,50,95,M,10,40,121,10,40
2021,October,BOCOURTI,F,116.2,59.9,95,M,17.4,38.1,116.2,17.4,38.1
2021,April,ORNATUS,F,106.96,60.51,86.07,M,15.51,39.31,106.96,15.51,39.31
2021,July,BOCOURTI,F,104.41,52.86,88.76,M,14.39,36.97,104.41,14.39,36.97
2020,October,SAPIDUS,F,123.22,56.62,96.32,m,16.52,40.68,123.22,16.52,40.68
2021,January,SAPIDUS,F,120,55,95,M,16,40,120,16,40
2021,October,BOCOURTI,F,111.7,55.51,91.56,M,16.92,38.78,111.7,16.92,38.78
2020,October,SAPIDUS,F,118,59,74.4,m,NA,18.1,118,NA,18.1
2021,January,SAPIDUS,F,141,66,115,M,22,47,141,22,47
2020,October,BOCOURTI,F,112,55.41,75.4,m,18.12,39.1,112,18.12,39.1
2021,January,SAPIDUS,F,118,57,97,M,16,40,118,16,40
2021,January,BOCOURTI,F,101,57,89,M,17,36,101,17,36
2021,April,BOCOURTI,F,97.68,50.96,81.25,M,15.19,33.47,97.68,15.19,33.47
2021,October,SAPIDUS,F,131.2,58.7,101.5,M,-,41.7,131.2,NA,41.7
2021,October,SAPIDUS,M,140.15,69.03,116.6,M,22.16,44.14,140.15,22.16,44.14
2021,October,SIMILIS,M,109.2,47.4,82,M,26.5,30.5,109.2,26.5,30.5
2021,October,SIMILIS,M,123.4,52.3,90.6,M,18.3,37.4,123.4,18.3,37.4
2021,October,SAPIDUS,M,131.3,59.8,104.7,M,20.2,37.2,131.3,20.2,37.2
2021,October,BOCOURTI,M,117.24,61.56,101.89,M,27.16,36,117.24,27.16,36
2021,January,SAPIDUS,M,132,65,109,M,24,40,132,24,40
2021,January,BOCOURTI,M,114.16,63.18,99.73,M,19.91,37.1,114.16,19.91,37.1
2021,January,BOCOURTI,M,108.2,61.25,95.62,M,18.75,37.12,108.2,18.75,37.12
2021,January,BOCOURTI,M,106.1,60.97,94.34,M,21.96,35.96,106.1,21.96,35.96
2021,July,BOCOURTI,M,108.86,56.66,92.26,M,15.59,26.71,108.86,15.59,26.71
2021,January,BOCOURTI,M,107,63,90,M,23,35,107,23,35
2021,January,BOCOURTI,M,89,50,83,M,17,28,89,17,28
2021,April,SAPIDUS,M,110.42,48.15,81.58,M,13.45,21.22,110.42,13.45,21.22
2021,April,BOCOURTI,M,99.55,44.34,75.37,M,13.15,21.4,99.55,13.15,21.4
2021,April,BOCOURTI,M,108.78,53.97,87.41,M,14.67,25.6,108.78,14.67,25.6
2021,April,SAPIDUS,M,99.13,52.02,83.75,M,13.23,31.74,99.13,13.23,31.74
2021,April,BOCOURTI,M,96.14,52.36,81.63,M,14.52,25.28,96.14,14.52,25.28
2021,April,BOCOURTI,M,88.29,46.95,72.35,M,12.6,22.95,88.29,12.6,22.95
2021,April,SIMILIS,M,91.73,40.73,70.9,M,15.71,25.16,91.73,15.71,25.16
2021,April,SIMILIS,M,105.27,48,84.41,M,19.85,31.4,105.27,19.85,31.4
2021,April,SAPIDUS,M,109.98,56.03,88.08,M,15.11,36.61,109.98,15.11,36.61
2021,April,SAPIDUS,M,106.74,56.94,89.22,M,17.71,34.3,106.74,17.71,34.3
2021,April,BOCOURTI,M,120.85,65.65,103.15,M,23,37.59,120.85,23,37.59
2021,April,BOCOURTI,M,111.12,60.09,96.67,M,21.17,27.72,111.12,21.17,27.72
2021,April,ORNATUS,M,86.69,50.01,78.85,M,13.38,22.27,86.69,13.38,22.27
2021,July,SIMILIS,M,117.08,52.19,90.06,M,14.48,24.51,117.08,14.48,24.51
2021,July,SIMILIS,M,107.12,47.97,84.18,M,13.7,23.01,107.12,13.7,23.01
2021,July,BOCOURTI,M,103,56.26,86.27,M,15.08,25.29,103,15.08,25.29
2021,July,BOCOURTI,M,109.46,59.74,93.85,M,15.3,26.57,109.46,15.3,26.57
2021,July,BOCOURTI,M,112.78,64.75,104.25,M,21.85,37.9,112.78,21.85,37.9
2021,July,SAPIDUS,M,140.08,67.8,115.56,M,21.2,31.19,140.08,21.2,31.19
2021,July,SAPIDUS,M,130.07,65.62,112.21,M,20.09,30.06,130.07,20.09,30.06
2021,July,BOCOURTI,M,121.19,62.31,103.34,M,17.72,27.73,121.19,17.72,27.73
2021,July,BOCOURTI,M,100.93,54.43,88.37,M,15.85,34.59,100.93,15.85,34.59
2021,April,BOCOURTI,F,99.12,51.06,84.14,M,14.15,32.74,99.12,14.15,32.74
2021,October,BOCOURTI,F,103.71,51.92,87.83,M,45.49,37.77,103.71,45.49,37.77
2021,October,ORNATUS,F,101.5,45.36,78.71,M,14.61,33.34,101.5,14.61,33.34
2021,July,SIMILIS,F,94.38,43.28,75.49,M,11.22,30.05,94.38,11.22,30.05
2021,October,BOCOURTI,F,91.2,46.3,73.8,M,11.3,30.9,91.2,11.3,30.9
2021,July,SIMILIS,F,99.9,45.5,76.7,M,15.59,33.35,99.9,15.59,33.35
2021,April,BOCOURTI,F,97.67,52.22,85.95,M,16.36,32.74,97.67,16.36,32.74
2021,April,SIMILIS,F,96.33,46.7,72.69,M,8.67,27.83,96.33,8.67,27.83
2021,April,BOCOURTI,F,85.14,47.75,74.18,M,12.16,33.2,85.14,12.16,33.2
2021,April,SAPIDUS,F,108.56,62.17,89.93,M,16.75,39.91,108.56,16.75,39.91
2021,January,SAPIDUS,F,125,55,97,M,20,40,125,20,40
2021,April,SIMILIS,F,82.15,38.4,64.93,M,9.45,25.46,82.15,9.45,25.46
2021,April,SIMILIS,F,93.64,42.92,71.26,M,11.09,25.76,93.64,11.09,25.76
2021,October,SAPIDUS,F,107.23,48.88,84.52,M,19.39,35.72,107.23,19.39,35.72
2021,October,SAPIDUS,F,103.15,48.84,84.69,M,10.44,37.18,103.15,10.44,37.18
2021,April,SIMILIS,F,91.25,43.87,71.37,M,11.79,27.58,91.25,11.79,27.58
2021,July,SIMILIS,F,95.23,93.21,78.56,M,13.19,28.63,95.23,13.19,28.63
2021,October,SIMILIS,F,86.12,41.56,71.86,M,12.07,31.34,86.12,12.07,31.34
2021,July,SIMILIS,F,94.5,43.48,74.67,M,13.43,30,94.5,13.43,30
2021,October,BOCOURTI,F,105.37,54.59,88.71,M,15.47,38.48,105.37,15.47,38.48
2020,October,BOCOURTI,F,92.77,47.47,76.54,m,13.15,33.09,92.77,13.15,33.09
2021,April,SIMILIS,F,93.79,42.8,71.93,M,19.65,30.3,93.79,19.65,30.3
2021,April,SIMILIS,F,102.15,45.7,79.2,M,15.69,32.4,102.15,15.69,32.4
2021,April,SIMILIS,F,94.62,42.6,71.45,M,10.84,28.23,94.62,10.84,28.23
2021,July,ORNATUS,F,107.25,55.6,90.59,M,16.24,39.04,107.25,16.24,39.04
2020,October,SAPIDUS,F,107.8,50.69,86.51,m,17.41,36.42,107.8,17.41,36.42
2021,July,SAPIDUS,F,146.63,68.47,107.47,M,18.43,50.9,146.63,18.43,50.9
2021,July,SAPIDUS,F,138.89,64.05,107.68,M,16.46,41.16,138.89,16.46,41.16
2021,April,SIMILIS,F,100.82,45.59,78.15,M,14.67,29.44,100.82,14.67,29.44
2021,July,ORNATUS,F,90.85,49.95,81.43,M,16.17,35.49,90.85,16.17,35.49
2020,October,BOCOURTI,F,95,49,57,m,13,34,95,13,34
2020,October,SAPIDUS,F,111,53,66,m,17,NA,111,17,NA
2021,April,SAPIDUS,F,115.07,60.77,89.78,M,13.08,40.49,115.07,13.08,40.49
2020,October,BOCOURTI,F,98.47,48.44,80.4,m,12.59,35.46,98.47,12.59,35.46
2020,October,BOCOURTI,F,114.8,55.35,93.09,M,NA,41.1,114.8,NA,41.1
2021,April,BOCOURTI,F,92.91,51.52,82.76,M,14.87,31.36,92.91,14.87,31.36
2020,October,SAPIDUS,F,126,59,76,m,21,42.3,126,21,42.3
2021,April,BOCOURTI,F,97.44,53.23,87.03,M,18.92,36.83,97.44,18.92,36.83
2020,October,SAPIDUS,F,122.92,57.92,99.26,m,20.43,41.29,122.92,20.43,41.29
2021,January,SAPIDUS,F,130,64,103,M,18,42,130,18,42
2020,October,SAPIDUS,F,109,51,72,m,16,37,109,16,37
2020,October,BOCOURTI,F,101.58,54.5,63.43,m,16.96,36.5,101.58,16.96,36.5
2020,October,BOCOURTI,F,98,51,60.3,n,17.3,37,98,17.3,37
2020,October,BOCOURTI,F,NA,NA,56,N/A,NA,NA,NA,NA,NA
2020,October,SIMILIS,F,NA,NA,N/A,N/A,NA,NA,NA,NA,NA
2021,October,ORNATUS,F,86.1,39.1,67.4,NA,12.7,30.6,86.1,12.7,30.6
2021,October,ORNATUS,F,100.8,46.34,78.48,NA,12.64,33.87,100.8,12.64,33.87
2021,October,BOCOURTI,F,105.5,53.1,86.8,NA,16.1,40,105.5,16.1,40
2020,October,SAPIDUS,F,128.09,57.81,97.78,NA,19.87,38.42,128.09,19.87,38.42
2020,October,SAPIDUS,F,118.3,59.24,96.36,NA,20.89,43.54,118.3,20.89,43.54
2021,October,BOCOURTI,F,107.54,54.84,89.57,NA,14.34,39.87,107.54,14.34,39.87
2021,October,ORNATUS,F,108.11,47.81,84.45,NA,15.2,37.23,108.11,15.2,37.23
2021,October,SAPIDUS,F,116.9,52.6,88.2,NA,18.9,40.7,116.9,18.9,40.7
2021,October,BOCOURTI,F,117.17,61.05,105.61,NA,14.45,44.29,117.17,14.45,44.29
2021,October,SAPIDUS,F,117.04,55.16,92.42,NA,18.7,40.44,117.04,18.7,40.44
2021,October,BOCOURTI,F,104.92,54.61,86.26,NA,13.44,38.98,104.92,13.44,38.98
2021,October,SIMILIS,M,102.86,45.84,79.23,NA,14.44,32.5,102.86,14.44,32.5
2021,October,SIMILIS,M,93,40.8,72.5,NA,13.7,26.8,93,13.7,26.8
2021,October,BOCOURTI,M,112.7,56.7,93.9,NA,20.1,33.6,112.7,20.1,33.6
2021,October,SIMILIS,M,110.2,48.34,81.06,NA,16.86,34.62,110.2,16.86,34.62
2020,October,SIMILIS,M,105.42,47.14,77.16,NA,13.23,28.6,105.42,13.23,28.6
2020,October,SAPIDUS,M,43.39,20.63,NA,NA,4.67,12.49,43.39,4.67,12.49
2020,October,SIMILIS,M,106.9,49.17,81.23,NA,17.01,31.7,106.9,17.01,31.7
2020,October,SIMILIS,M,125.57,56.11,95.87,NA,19.22,36.08,125.57,19.22,36.08
2020,October,SIMILIS,M,109.78,47.84,82.44,NA,14.48,31.03,109.78,14.48,31.03
2020,October,BOCOURTI,M,117.02,66.43,106.03,NA,22.43,38.58,117.02,22.43,38.58
2020,October,BOCOURTI,M,106.92,60.17,95.07,NA,19.46,35.43,106.92,19.46,35.43
2020,October,ORNATUS,M,106.74,46.43,80.36,NA,16.27,28.32,106.74,16.27,28.32
2021,October,ORNATUS,F,91.61,40.7,70.4,NA,14.62,30.76,91.61,14.62,30.76
2021,October,SIMILIS,F,88.3,39.8,68,NA,11.1,28,88.3,11.1,28
2021,October,BOCOURTI,F,94.4,48.9,79,NA,12.5,30.1,94.4,12.5,30.1
2021,October,BOCOURTI,F,100.38,50.48,81.59,NA,12.99,34.74,100.38,12.99,34.74
2020,October,SAPIDUS,F,114.4,53.96,90.54,NA,NA,37.74,114.4,NA,37.74
2021,October,BOCOURTI,F,105.06,54.49,88.02,NA,14.18,39.78,105.06,14.18,39.78
2020,October,ORNATUS,F,115.24,58.95,97.62,NA,19.6,41.44,115.24,19.6,41.44
2020,October,SAPIDUS,F,116.75,53.17,90.3,NA,14.85,38.08,116.75,14.85,38.08
2020,October,ORNATUS,F,100.15,51.11,84.6,NA,16.25,35.23,100.15,16.25,35.23
2020,October,ORNATUS,F,98.2,48.83,79.82,NA,13.19,33.18,98.2,13.19,33.18
2020,October,ORNATUS,F,125.8,65.93,106.32,NA,20.97,46.31,125.8,20.97,46.31
2020,October,ORNATUS,F,110.01,51.81,87.58,NA,16.46,34.86,110.01,16.46,34.86
2020,October,ORNATUS,F,95.01,49.04,79.16,NA,12.71,32.02,95.01,12.71,32.02
2020,October,SAPIDUS,F,125.56,59.1,103.45,NA,20.76,40.85,125.56,20.76,40.85
2020,October,SIMILIS,F,110.11,55.31,92.06,NA,19.36,37.72,110.11,19.36,37.72
2020,October,SIMILIS,F,115.22,52.35,93.63,NA,16.77,36.64,115.22,16.77,36.64
2020,October,SAPIDUS,F,130.41,61.89,103.83,NA,18.87,43.35,130.41,18.87,43.35