Date,Month,Year,Station,Gear,Effort,Count,ID,sex,shell,Condition,weight (g),Carapace width (base) (mm),Carapace width (lateral spines) (mm),Carapace length (mm),Abdomen width (mm),Claw length (mm),Claw Height (mm),Maturity,eggs (Y/N) (L/M/S),egg color,Spong_col,Overy weight (g),Overy color,Ova_dev,GSI,Embyro_day,ovigerous,Year_month
10/15/21,October,2021,DY,Trap,5,1,BOCOURTI,F,NA,OK,NA,79,94.4,48.9,30.1,42.8,12.5,M,Y,ORANGE,1,0.46,PALE ORANGE,2,NA,3,ovigerous,2021-10
4/19/21,April,2021,AP,Trap,5,1,SAPIDUS,F,H,"R1,R2",83.02,89.93,108.56,62.17,39.91,46.71,16.75,M,M,ORANGE,1,2.97,LIGHT ORANGE,2,3.577451217,3,ovigerous,2021-04
4/19/21,April,2021,AP,Trap,5,1,BOCOURTI,F,H,"R1,R2",62.07,74.18,85.14,47.75,33.2,39.44,12.16,M,L,ORANGE,1,1.33,LIGHT ORANGE,2,2.142742065,3,ovigerous,2021-04
10/14/21,October,2021,AP,Trap,5,1,BOCOURTI,F,NA,NA,49,73.8,91.2,46.3,30.9,32.4,11.3,M,Y,ORANGE,1,0.8,BEIGE,1,1.632653061,3,ovigerous,2021-10
10/14/21,October,2021,DY,Trap,5,1,SAPIDUS,F,NA,OK,68.49,84.69,103.15,48.84,37.18,41.13,10.44,M,Y/M,ORANGE,1,0.98,ORANGE,3,1.43086582,3,ovigerous,2021-10
10/20/20,October,2020,IM,Trap,5,1,SAPIDUS,F,hard,OK,89,66,111,53,"38,2",47,17,m,embryo stage,ORANGE,1,1,LIGHT ORANGE,2,1.123595506,3,ovigerous,2020-10
10/14/21,October,2021,AP,Trap,5,1,SAPIDUS,F,NA,OK,80.13,84.52,107.23,48.88,35.72,45.62,19.39,M,Y/L,ORANGE,1,0.89,ORANGE,3,1.11069512,3,ovigerous,2021-10
4/20/21,April,2021,BC,Trap,5,1,SIMILIS,F,NA,OK,54.18,72.69,96.33,46.7,27.83,34.56,8.67,M,L,ORANGE,1,0.57,LIGHT ORANGE,2,1.052048726,3,ovigerous,2021-04
7/13/21,July,2021,BC,Trap,5,1,SIMILIS,F,H,R4,47.52,75.49,94.38,43.28,30.05,41.1,11.22,M,S,ORANGE,1,0.36,BEIGE,1,0.757575758,3,ovigerous,2021-07
7/13/21,July,2021,BC,Trap,5,1,SIMILIS,F,H,L5,71.09,76.7,99.9,45.5,33.35,45.6,15.59,M,S,ORANGE,1,0.48,LIGHT ORANGE,2,0.67520045,3,ovigerous,2021-07
10/20/20,October,2020,DY,Trap,5,1,ORNATUS,F,hard,OK,148.59,97.62,115.24,58.95,41.44,57.32,19.6,M,huge sponge,ORANGE,1,0.9,BEIGE,1,0.605693519,3,ovigerous,2020-10
10/15/21,October,2021,AP,Trap,5,1,SIMILIS,F,NA,"R1,R3",41.7,68,88.3,39.8,28,38.3,11.1,M,Y,ORANGE,1,0.25,ORANGE,3,0.599520384,3,ovigerous,2021-10
10/21/20,October,2020,DY,Trap,5,1,ORNATUS,F,hard,OK,87.74,84.6,100.15,51.11,35.23,46.14,16.25,M,yes,ORANGE,1,0.52,LIGHT ORANGE,2,0.592660132,3,ovigerous,2020-10
10/20/20,October,2020,DY,Trap,5,1,BOCOURTI,F,hard,OK,101.8,63.43,101.58,54.5,36.5,49.2,16.96,m,embryo stage,ORANGE,1,0.6,BEIGE,1,0.589390963,3,ovigerous,2020-10
4/19/21,April,2021,AP,Trap,5,1,BOCOURTI,F,H,R1,98.15,85.95,97.67,52.22,32.74,49.39,16.36,M,L,ORANGE,1,0.57,LIGHT ORANGE,2,0.58074376,3,ovigerous,2021-04
4/19/21,April,2021,BC,Trap,5,1,SIMILIS,F,H,"R1, R2",51.74,71.26,93.64,42.92,25.76,38.6,11.09,M,L,ORANGE,1,0.29,ORANGE,3,0.560494782,3,ovigerous,2021-04
4/20/21,April,2021,BC,Trap,5,1,SIMILIS,F,NA,OK,38.62,64.93,82.15,38.4,25.46,35.27,9.45,M,L,ORANGE,1,0.21,ORANGE,3,0.54375971,3,ovigerous,2021-04
10/13/21,October,2021,AP,Trap,5,1,ORNATUS,F,NA,R1,63.45,78.71,101.5,45.36,33.34,44.78,14.61,M,Y - L,ORANGE,1,0.31,BEIGE,1,0.48857368,3,ovigerous,2021-10
10/13/21,October,2021,AP,Trap,5,1,BOCOURTI,F,NA,L2,88.8,87.83,103.71,51.92,37.77,17.2,45.49,M,Y - L,ORANGE,1,0.31,BEIGE,1,0.349099099,3,ovigerous,2021-10
7/14/21,July,2021,BC,Trap,5,1,SIMILIS,F,H,OK,57.49,74.67,94.5,43.48,30,40.4,13.43,M,S,ORANGE,1,0.1,BEIGE,1,0.173943294,3,ovigerous,2021-07
4/19/21,April,2021,BC,Trap,5,1,SIMILIS,F,H,OK,52.1,71.37,91.25,43.87,27.58,35.83,11.79,M,L,ORANGE,1,0.08,BEIGE,1,0.153550864,3,ovigerous,2021-04
1/20/21,January,2021,AP,Trap,5,1,SAPIDUS,F,H,L1,128.23,97,125,55,40,55,20,M,M,ORANGE,1,0.03,ORANGE,3,2.34E-02,3,ovigerous,2021-01
10/15/21,October,2021,AP,Trap,5,1,ORNATUS,F,NA,OK,48.93,70.4,91.61,40.7,30.76,40.75,14.62,M,Y/L,ORANGE,1,0.01,BEIGE,1,2.04E-02,3,ovigerous,2021-10
4/19/21,April,2021,AP,Trap,5,1,BOCOURTI,F,NA,L1,86.37,84.14,99.12,51.06,32.74,45.45,14.15,M,L,ORANGE,1,0,BEIGE,1,0,3,ovigerous,2021-04
10/21/20,October,2020,DY,Trap,5,1,ORNATUS,F,hard,R1,72.34,79.82,98.2,48.83,33.18,46.70L,13.19,M,med spnge dark,DARK ORANGE,2,1.11,ORANGE,3,1.534420791,9,ovigerous,2020-10
10/13/21,October,2021,AP,Trap,5,1,SIMILIS,F,NA,R1,49.14,71.86,86.12,41.56,31.34,39.48,12.07,M,Y-L,DARK ORANGE,2,0.65,ORANGE,3,1.322751323,9,ovigerous,2021-10
10/15/21,October,2021,DY,Trap,5,1,BOCOURTI,F,NA,OK,86.33,81.59,100.38,50.48,34.74,41.1,12.99,M,Y/L,DARK ORANGE,2,0.69,PALE ORANGE,2,0.799258659,9,ovigerous,2021-10
10/21/20,October,2020,AP,Trap,5,1,SAPIDUS,F,hard,OK,97.34,90.3,116.75,53.17,38.08,48.9,14.85,M,med spnge dark,DARK ORANGE,2,0.73,LIGHT ORANGE,2,0.749948634,9,ovigerous,2020-10
7/13/21,July,2021,BC,Trap,5,1,SIMILIS,F,H,OK,63.14,78.56,95.23,93.21,28.63,42.18,13.19,M,M,DARK ORANGE,2,0.33,BEIGE,1,0.522648084,9,ovigerous,2021-07
4/21/21,April,2021,BC,Trap,5,1,SIMILIS,F,H,OK,66.42,78.15,100.82,45.59,29.44,41.96,14.67,M,L,BROWN,3,1.52,ORANGE,3,2.288467329,12,ovigerous,2021-04
4/21/21,April,2021,BC,Trap,5,1,SIMILIS,F,H,missing R1 and paRt of R2,49.15,71.93,93.79,42.8,30.3,40.7,19.65,M,L,BROWN,3,0.96,DARK ORANGE,3,1.953204476,12,ovigerous,2021-04
4/21/21,April,2021,BC,Trap,5,1,SIMILIS,F,H,OK,63.43,79.2,102.15,45.7,32.4,42.8,15.69,M,L,BROWN,3,1.13,DARK ORANGE,3,1.781491408,12,ovigerous,2021-04
4/21/21,April,2021,BC,Trap,5,1,SIMILIS,F,H,OK,53.85,71.45,94.62,42.6,28.23,37.7,10.84,M,M,BROWN,3,0.75,LIGHT ORANGE,2,1.39275766,12,ovigerous,2021-04
7/13/21,July,2021,AP,Trap,5,1,SAPIDUS,F,H,OK,184.18,107.68,138.89,64.05,41.16,63.01,16.46,M,L,BROWN,3,1.78,BEIGE,1,0.966445868,12,ovigerous,2021-07
10/15/21,October,2021,DY,Trap,5,1,BOCOURTI,F,NA,OK,87.11,88.02,105.06,54.49,39.78,47.54,14.18,M,Y/L,BROWN,3,0.68,BEIGE,1,0.780622202,12,ovigerous,2021-10
7/14/21,July,2021,DY,Trap,5,1,ORNATUS,F,H,OK,117.5,90.59,107.25,55.6,39.04,47.34,16.24,M,L,BROWN,3,0.77,LIGHT ORANGE,2,0.655319149,12,ovigerous,2021-07
10/20/20,October,2020,IM,Trap,5,1,SAPIDUS,F,hard,"R1, L1",83.67,90.54,114.4,53.96,37.74,x,x,M,med spnge dark,BROWN,3,0.46,BEIGE,1,0.549778893,12,ovigerous,2020-10
10/14/21,October,2021,AP,Trap,5,1,BOCOURTI,F,NA,OK,101.37,88.71,105.37,54.59,38.48,45.99,15.47,M,Y/L,BROWN,3,0.39,BEIGE,1,0.38472921,12,ovigerous,2021-10
10/20/20,October,2020,AP,Trap,5,1,BOCOURTI,F,hard,OK,NA,NA,NA,NA,NA,NA,NA,M,"Eyed,",BROWN,4,0.4,LIGHT ORANGE,2,NA,12,ovigerous,2020-10
10/20/20,October,2020,IM,Trap,5,1,BOCOURTI,F,hard,"R4,R5,L3L5",53.91,76.54,92.77,47.47,33.09,36.97,13.15,m,eyed,BROWN,4,0.87,BEIGE,1,1.613800779,12,ovigerous,2020-10
10/21/20,October,2020,DY,Trap,5,1,SAPIDUS,F,hard,OK,91.18,86.51,107.8,50.69,36.42,50.11,17.41,m,Eyed,BROWN,4,0.94,ORANGE,3,1.030927835,12,ovigerous,2020-10
10/20/20,October,2020,AP,Trap,5,1,BOCOURTI,F,hard,OK,72,57,95,49,34,43.2,13,m,Hatching,BROWN,4,0.7,LIGHT ORANGE,2,0.972222222,12,ovigerous,2020-10
10/20/20,October,2020,IM,Trap,5,1,BOCOURTI,F,hard,OK,103,60.3,98,51,37,44.3,17.3,M,Eyed,BROWN,4,0.8,LIGHT ORANGE,2,0.776699029,12,ovigerous,2020-10
10/21/20,October,2020,AP,Trap,5,1,SAPIDUS,F,hard,OK,115.6,99.26,122.92,57.92,41.29,55.42,20.43,M,no old,PRIOR SPAWN,5,15.76,ORANGE,3,13.63321799,15,ovigerous,2020-10
10/21/20,October,2020,AP,Trap,5,1,SAPIDUS,F,hard,R1,110.76,103.83,130.41,61.89,43.35,56.98L,18.87,M,no old ones,PRIOR SPAWN,5,11.27,ORANGE,3,10.17515349,15,ovigerous,2020-10
10/20/20,October,2020,BC,Trap,5,1,SIMILIS,F,hard,OK,89.25,93.63,115.22,52.35,36.64,51.68,16.77,M,no old ones,PRIOR SPAWN,5,9.01,ORANGE,3,10.0952381,15,ovigerous,2020-10
10/20/20,October,2020,DY,Trap,5,1,SAPIDUS,F,hard,"R1, R3, L2",67.25,88.19,118.85,55.09,36.82,49.91,16.77,M,no old,PRIOR SPAWN,5,6.59,ORANGE,3,9.799256506,15,ovigerous,2020-10
10/21/20,October,2020,AP,Trap,5,1,SIMILIS,F,hard,OK,98.09,92.06,110.11,55.31,37.72,53.87,19.36,M,old eggs on apron,PRIOR SPAWN,5,3.85,ORANGE,3,3.924966867,15,ovigerous,2020-10
10/20/20,October,2020,IM,Trap,5,1,ORNATUS,F,hard,OK,159.79,106.32,125.8,65.93,46.31,63.21,20.97,M,no old ones,PRIOR SPAWN,5,4.95,ORANGE,3,3.097815883,15,ovigerous,2020-10
1/20/21,January,2021,AP,Trap,5,1,SAPIDUS,F,H,-,107.07,103,130,64,42,59,18,M,OLD,PRIOR SPAWN,5,2.88,NA,3,2.689829084,15,ovigerous,2021-01
4/19/21,April,2021,AP,Trap,5,1,BOCOURTI,F,H,"R1,2,4",70.87,82.76,92.91,51.52,31.36,44.17,14.87,M,OLD,PRIOR SPAWN,5,1.69,ORANGE,3,2.384647947,15,ovigerous,2021-04
10/20/20,October,2020,AP,Trap,5,1,SAPIDUS,F,hard,OK,77,65,108,51.2,35.3,45,17,M,Empty egg cases,PRIOR SPAWN,5,1.7,ORANGE,3,2.207792208,15,ovigerous,2020-10
10/20/20,October,2020,DY,Trap,5,1,ORNATUS,F,hard,R1,65.92,79.16,95.01,49.04,32.02,43.28L,12.71,M,old eggs on apron,PRIOR SPAWN,5,1.45,ORANGE,3,2.199635922,15,ovigerous,2020-10
4/19/21,April,2021,BC,Trap,5,1,BOCOURTI,F,H,OK,100.29,87.03,97.44,53.23,36.83,48.17,18.92,M,OLD,PRIOR SPAWN,5,2.09,ORANGE,3,2.083956526,15,ovigerous,2021-04
10/20/20,October,2020,IM,Trap,5,1,BOCOURTI,F,hard,R1,59.46,80.4,98.47,48.44,35.46,39.48,12.59,m,just released,PRIOR SPAWN,5,1.13,LIGHT ORANGE,2,1.900437269,15,ovigerous,2020-10
10/21/20,October,2020,AP,Trap,5,1,SAPIDUS,F,hard,OK,124.37,103.45,125.56,59.1,40.85,56.66,20.76,M,no old ones,PRIOR SPAWN,5,2.07,ORANGE,3,1.664388518,15,ovigerous,2020-10
10/21/20,October,2020,AP,Trap,5,1,BOCOURTI,F,hard,"R1R3,R4, L1. BIT FIN LEG",73.57,93.09,114.8,55.35,41.1,X,X,M,OLD eggs on apron,PRIOR SPAWN,5,1.2,LIGHT ORANGE,2,1.631099633,15,ovigerous,2020-10
10/20/20,October,2020,AP,Trap,5,1,SAPIDUS,F,hard,"R1,2",111,76,126,59,42.3,55,21,m,Empty egg cases,PRIOR SPAWN,5,1.8,ORANGE,3,1.621621622,15,ovigerous,2020-10
10/21/20,October,2020,AP,Trap,5,1,ORNATUS,F,hard,OK,79.16,87.58,110.01,51.81,34.86,46.25,16.46,M,no old ones,PRIOR SPAWN,5,1.2,ORANGE,3,1.51591713,15,ovigerous,2020-10
4/21/21,April,2021,AP,Trap,5,1,SAPIDUS,F,NA,OK,84.52,89.78,115.07,60.77,40.49,45.62,13.08,M,OLD,PRIOR SPAWN,5,1.09,LIGHT ORANGE,2,1.289635589,15,ovigerous,2021-04
7/14/21,July,2021,BC,Trap,5,1,SAPIDUS,F,H,R1,163.55,107.47,146.63,68.47,50.9,74.83,18.43,M,S,PRIOR SPAWN,5,1.31,ORANGE,3,0.800978294,15,ovigerous,2021-07
7/15/21,July,2021,BC,Trap,5,1,ORNATUS,F,H,-,72.72,81.43,90.85,49.95,35.49,45.03,16.17,M,OLD,PRIOR SPAWN,5,0.56,LIGHT ORANGE,2,0.770077008,15,ovigerous,2021-07
10/20/20,October,2020,AP,Trap,5,1,SAPIDUS,F,hard,OK,62,72,109,51,37,45,16,M,Empty egg cases,PRIOR SPAWN,5,0.2,WHITE,1,0.322580645,15,ovigerous,2020-10
10/13/21,October,2021,AP,Trap,5,1,ORNATUS,F,NA,R1,33.5,68.8,81.9,40.4,27.9,41.5,13.4,M,N,ABSENT,0,7.88,DARK ORANGE,3,23.52238806,18,non-ovigerous,2021-10
10/13/21,October,2021,BC,Trap,5,1,ORNATUS,F,NA,MAT,43.6,73.2,92.2,40,31.1,43.4,14.4,M,N,ABSENT,0,7.78,DARK ORANGE,3,17.8440367,18,non-ovigerous,2021-10
7/14/21,July,2021,DY,Trap,5,1,ORNATUS,F,H,OK,134.25,100.06,121.13,61.17,34.48,56.68,17.75,M,N,ABSENT,0,20.38,DARK ORANGE,3,15.18063315,18,non-ovigerous,2021-07
7/13/21,July,2021,IM,Trap,5,1,BOCOURTI,F,H,R4,58.85,80.95,92.2,49.79,36.61,41.11,14.44,M,N,ABSENT,0,7.55,DARK ORANGE,3,12.82922685,18,non-ovigerous,2021-07
10/20/20,October,2020,AP,Trap,5,1,BOCOURTI,F,hard,OK,71,67.1,98.79,50.04,36,42.2,15.2,m,absent,ABSENT,0,8.6,DARK ORANGE,3,12.11267606,18,non-ovigerous,2020-10
7/14/21,July,2021,DY,Trap,5,1,ORNATUS,F,H,DIRTY,91.06,87.79,101.12,55.6,31.16,52.22,16.65,M,N,ABSENT,0,10.88,DARK ORANGE,3,11.94816604,18,non-ovigerous,2021-07
10/15/21,October,2021,AP,Trap,5,1,BOCOURTI,F,NA,OK,78.63,86.26,104.92,54.61,38.98,45.21,13.44,M,N,ABSENT,0,9.05,ORANGE,3,11.50960193,18,non-ovigerous,2021-10
10/14/21,October,2021,DY,Trap,5,1,BOCOURTI,F,NA,OK,66.26,82.46,98.94,49.09,36.92,42.45,15.84,M,N,ABSENT,0,7.48,ORANGE,3,11.28886206,18,non-ovigerous,2021-10
7/14/21,July,2021,IM,Trap,5,1,BOCOURTI,F,H,OK,79.06,95.54,102.18,51.15,30.05,50.04,13.32,M,N/A,ABSENT,0,8.88,DARK ORANGE,3,11.23197571,18,non-ovigerous,2021-07
7/13/21,July,2021,DY,Trap,5,1,BOCOURTI,F,H,OK,81.64,88.76,104.41,52.86,36.97,48.53,14.39,M,N,ABSENT,0,8.86,ORANGE,3,10.85252327,18,non-ovigerous,2021-07
10/14/21,October,2021,DY,Trap,5,1,BOCOURTI,F,NA,OK,94.72,91.56,111.7,55.51,38.78,48.48,16.92,M,N,ABSENT,0,10.23,ORANGE,3,10.80025338,18,non-ovigerous,2021-10
4/21/21,April,2021,IM,Trap,5,1,ORNATUS,F,H,OK,80.77,86.07,106.96,60.51,39.31,45.4,15.51,M,N,ABSENT,0,8.54,ORANGE,3,10.57323264,18,non-ovigerous,2021-04
1/20/21,January,2021,AP,Trap,5,1,SAPIDUS,F,H,-,96.24,98,118,59,45,58,16,M,N,ABSENT,0,10.08,DARK ORANGE,3,10.47381546,18,non-ovigerous,2021-01
10/13/21,October,2021,BC,Trap,5,1,SIMILIS,F,NA,"R1,R2",42.52,74.51,95.66,43.45,32.85,40.9,12.61,M,N,ABSENT,0,4.37,DARK ORANGE,3,10.27751646,18,non-ovigerous,2021-10
7/15/21,July,2021,AP,Trap,5,1,BOCOURTI,F,H,OK,69.65,80.01,90.06,48.82,26.69,45.56,17.76,M,N,ABSENT,0,7.14,DARK ORANGE,3,10.25125628,18,non-ovigerous,2021-07
10/20/20,October,2020,AP,Trap,5,1,BOCOURTI,F,hard,L1,73,72,105,53,37,46,13,m,absent,ABSENT,0,7.4,DARK ORANGE,3,10.1369863,18,non-ovigerous,2020-10
10/13/21,October,2021,DY,Trap,5,1,BOCOURTI,F,NA,"R1,L1",63.6,83.7,100,50.5,35.1,NA,NA,M,N,ABSENT,0,6.26,BEIGE,1,9.842767296,18,non-ovigerous,2021-10
1/20/21,January,2021,AP,Trap,5,1,SAPIDUS,F,H,R1,97.42,95,120,55,40,54,16,M,N,ABSENT,0,9.58,ORANGE,3,9.833709711,18,non-ovigerous,2021-01
7/13/21,July,2021,IM,Trap,5,1,BOCOURTI,F,H,OK,74.45,84.41,103.25,51.1,37.84,43.3,15.47,M,N,ABSENT,0,7.31,DARK ORANGE,3,9.818670248,18,non-ovigerous,2021-07
7/13/21,July,2021,IM,Trap,5,1,BOCOURTI,F,H,OK,73.19,83.96,98.54,51.77,34.35,50.98,13.75,M,N,ABSENT,0,6.9,DARK ORANGE,3,9.42751742,18,non-ovigerous,2021-07
4/20/21,April,2021,IM,Trap,5,1,BOCOURTI,F,H,OK,83.37,86.77,106.22,54.12,36.15,51.11,13.64,M,N,ABSENT,0,7.78,DARK ORANGE,3,9.331893967,18,non-ovigerous,2021-04
1/20/21,January,2021,AP,Trap,5,1,SAPIDUS,F,H,R1,85.97,95,121,50,40,47,10,M,N,ABSENT,0,8.012,ORANGE,3,9.319530069,18,non-ovigerous,2021-01
10/21/20,October,2020,AP,Trap,5,1,SAPIDUS,F,hard,R2,101.57,96.32,123.22,56.62,40.68,50.72,16.52,M,absent,ABSENT,0,9.34,ORANGE,3,9.195628631,18,non-ovigerous,2020-10
10/13/21,October,2021,BC,Trap,5,1,ORNATUS,F,NA,L1,44.87,75.2,94.69,43.02,32.33,17.11,41.47,M,N,ABSENT,0,4.1,DARK ORANGE,3,9.137508357,18,non-ovigerous,2021-10
1/20/21,January,2021,AP,Trap,5,1,SAPIDUS,F,H,-,167.63,115,141,66,47,65,22,M,N,ABSENT,0,15.03,ORANGE,3,8.966175506,18,non-ovigerous,2021-01
7/15/21,July,2021,IM,Trap,5,1,ORNATUS,F,H,OK,74.16,85.73,100.37,52.4,38.91,41.06,15.26,M,N,ABSENT,0,6.34,DARK ORANGE,3,8.549083064,18,non-ovigerous,2021-07
1/20/21,January,2021,AP,Trap,5,1,SAPIDUS,F,H,L5 BROKen abdomen,104.2,96,122,59,42,56,18,M,N,ABSENT,0,8.365,BEIGE,1,8.027831094,18,non-ovigerous,2021-01
10/13/21,October,2021,AP,Trap,5,1,BOCOURTI,F,NA,OK,80.62,84.95,101.16,55.22,38.41,47.11,14.79,M,N,ABSENT,0,6.32,ORANGE,3,7.839245845,18,non-ovigerous,2021-10
10/13/21,October,2021,DY,Trap,5,1,BOCOURTI,F,NA,"L5,R3 CRACKED CARAPACE",63.4,81.8,97.4,49.5,33.4,42.1,12.4,M,N,ABSENT,0,4.97,DARK ORANGE,3,7.839116719,18,non-ovigerous,2021-10
10/14/21,October,2021,BC,Trap,5,1,ORNATUS,F,NA,"R1,L2",48.7,77.9,98.9,45.4,33.2,46.1,14.1,M,N,ABSENT,0,3.8,ORANGE,3,7.802874743,18,non-ovigerous,2021-10
10/13/21,October,2021,AP,Trap,5,1,BOCOURTI,F,NA,CRACKED APRON,106.1,95,116.2,59.9,38.1,67.6,17.4,M,N,ABSENT,0,8.18,ORANGE,3,7.709707823,18,non-ovigerous,2021-10
10/15/21,October,2021,AP,Trap,5,1,SAPIDUS,F,NA,OK,94.11,92.42,117.04,55.16,40.44,49.96,18.7,M,N,ABSENT,0,7.02,ORANGE,3,7.459356073,18,non-ovigerous,2021-10
10/20/20,October,2020,AP,Trap,5,1,SAPIDUS,F,hard,R3,94.4,75,125.42,56.11,41.4,50,16.6,M,absent,ABSENT,0,7,ORANGE,3,7.415254237,18,non-ovigerous,2020-10
10/14/21,October,2021,AP,Trap,5,1,ORNATUS,F,NA,R1,86.8,88.6,105.6,57.2,41.5,52.6,15,M,N,ABSENT,0,6.38,DARK ORANGE,3,7.350230415,18,non-ovigerous,2021-10
1/20/21,January,2021,AP,Trap,5,1,BOCOURTI,F,H,DefoRmed fin,84.5,89,101,57,36,53,17,M,N,ABSENT,0,6.2,WHITE,1,7.337278107,18,non-ovigerous,2021-01
1/19/21,January,2021,IM,Trap,5,1,BOCOURTI,F,H,"L1,3,4 - R3",68.7,82.48,100.56,51.17,37.07,44.52,12.3,M,N,ABSENT,0,5,ORANGE,3,7.278020378,18,non-ovigerous,2021-01
7/13/21,July,2021,AP,Trap,5,1,SIMILIS,F,H,OK,32.07,65.53,82.25,33.75,28.81,34.35,12.23,M,N,ABSENT,0,2.3,DARK ORANGE,3,7.171811662,18,non-ovigerous,2021-07
10/14/21,October,2021,DY,Trap,5,1,BOCOURTI,F,NA,OK,68.11,78.2,87.2,49,37.3,47.7,12.2,M,N,ABSENT,0,4.88,DARK ORANGE,3,7.164880341,18,non-ovigerous,2021-10
10/15/21,October,2021,AP,Trap,5,1,ORNATUS,F,NA,OK,37.1,67.4,86.1,39.1,30.6,41.3,12.7,M,N,ABSENT,0,2.65,DARK ORANGE,3,7.142857143,18,non-ovigerous,2021-10
7/13/21,July,2021,BC,Trap,5,1,SIMILIS,F,H,OK,49.02,72.05,92.87,42.12,27.94,46.82,14.82,M,N,ABSENT,0,3.34,ORANGE,3,6.813545492,18,non-ovigerous,2021-07
7/13/21,July,2021,AP,Trap,5,1,BOCOURTI,F,H,R4,68.54,82.5,100.17,49.64,35.32,47.8,12.55,M,N,ABSENT,0,4.64,ORANGE,3,6.769769478,18,non-ovigerous,2021-07
1/20/21,January,2021,AP,Trap,5,1,SAPIDUS,F,H,L1,73.97,88,110,50,35,50,16,M,N,ABSENT,0,4.917,ORANGE,3,6.647289442,18,non-ovigerous,2021-01
10/13/21,October,2021,AP,Trap,5,1,BOCOURTI,F,NA,MAT,116.4,102,121.9,61.1,42,59.5,27.8,M,N,ABSENT,0,7.71,DARK ORANGE,3,6.62371134,18,non-ovigerous,2021-10
1/20/21,January,2021,AP,Trap,5,1,SAPIDUS,F,H,R1,116,101.18,123.74,57.25,42.43,51.85,17.47,M,N,ABSENT,0,7.65,ORANGE,3,6.594827586,18,non-ovigerous,2021-01
10/13/21,October,2021,AP,Trap,5,1,SAPIDUS,F,NA,OK,77.89,89.26,113.31,51.8,37.61,49.89,17.25,M,N,ABSENT,0,5.1,ORANGE,3,6.547695468,18,non-ovigerous,2021-10
4/21/21,April,2021,AP,Trap,5,1,BOCOURTI,F,H,OK,120.16,92.39,106.11,54.75,36.99,53.22,17.36,M,N,ABSENT,0,7.72,DARK ORANGE,3,6.424766977,18,non-ovigerous,2021-04
10/14/21,October,2021,AP,Trap,5,1,SAPIDUS,F,NA,R4,114.1,97.5,124.8,56.9,40.6,58.3,18.8,M,N,ABSENT,0,7.33,ORANGE,3,6.424189308,18,non-ovigerous,2021-10
1/20/21,January,2021,AP,Trap,5,1,SAPIDUS,F,H,-,130.35,108,128,66,45,61,20,M,N,ABSENT,0,8.34,BEIGE,1,6.398158803,18,non-ovigerous,2021-01
10/21/20,October,2020,IM,Trap,5,1,BOCOURTI,F,hard,OK,68.92,80.8,96.01,49.4,36.22,43.96,14.44,m,absent,ABSENT,0,4.3,ORANGE,3,6.239117818,18,non-ovigerous,2020-10
1/20/21,January,2021,AP,Trap,5,1,SAPIDUS,F,H,"L1,2,3",135.42,105,130,65,43,58,23,M,N,ABSENT,0,8.34,DARK ORANGE,3,6.158617634,18,non-ovigerous,2021-01
10/21/20,October,2020,DY,Trap,5,1,SAPIDUS,F,hard,R2 L1,109.47,97.64,119.27,56.25,40.1,55.44,18.46,M,NA,ABSENT,0,6.71,ORANGE,3,6.129533205,18,non-ovigerous,2020-10
1/20/21,January,2021,AP,Trap,5,1,SAPIDUS,F,H,-,94.1,97,118,57,40,54,16,M,N,ABSENT,0,5.73,WHITE,1,6.089266738,18,non-ovigerous,2021-01
10/14/21,October,2021,AP,Trap,5,1,SAPIDUS,F,NA,OK,107.23,97.9,124.87,56.47,41.56,55.6,16.98,M,N,ABSENT,0,6.42,ORANGE,3,5.987130467,18,non-ovigerous,2021-10
4/19/21,April,2021,AP,Trap,5,1,BOCOURTI,F,H,L1,57.05,76.44,88.13,51.4,33.88,43.08,13.47,M,N,ABSENT,0,3.32,ORANGE,3,5.819456617,18,non-ovigerous,2021-04
1/20/21,January,2021,AP,Trap,5,1,SAPIDUS,F,H,-,74.17,90,108,50,36,44,15,M,N,ABSENT,0,4.3,LIGHT ORANGE,2,5.797492248,18,non-ovigerous,2021-01
4/21/21,April,2021,AP,Trap,5,1,BOCOURTI,F,H,"L2, R3, L and R damage to cLaw",79.12,81.52,94.14,50.62,31.37,45.06,13.85,M,N,ABSENT,0,4.45,DARK ORANGE,3,5.624368049,18,non-ovigerous,2021-04
1/20/21,January,2021,AP,Trap,5,1,SAPIDUS,F,H,R1 - L2,92.26,96,119,55,40,49,15,M,N,ABSENT,0,5.122,LIGHT ORANGE,2,5.551701713,18,non-ovigerous,2021-01
10/20/20,October,2020,AP,Trap,5,1,BOCOURTI,F,hard,OK,71,64,98.2,51,35,44,15,m,absent,ABSENT,0,3.9,DARK ORANGE,3,5.492957746,18,non-ovigerous,2020-10
10/15/21,October,2021,AP,Trap,5,1,ORNATUS,F,NA,OK,54.99,78.48,100.8,46.34,33.87,40.29,12.64,M,N,ABSENT,0,3.02,DARK ORANGE,3,5.49190762,18,non-ovigerous,2021-10
10/14/21,October,2021,AP,Trap,5,1,SAPIDUS,F,NA,OK,68.4,83.82,105.96,50.32,37.02,41.82,15.6,M,N,ABSENT,0,3.65,ORANGE,3,5.33625731,18,non-ovigerous,2021-10
10/14/21,October,2021,AP,Trap,5,1,ORNATUS,F,NA,OK,59.85,79.66,102.47,46.79,32.49,44.72,15.88,M,N,ABSENT,0,3.19,ORANGE,3,5.329991646,18,non-ovigerous,2021-10
10/13/21,October,2021,BC,Trap,5,1,BOCOURTI,F,NA,R1,76.03,84.16,96.22,51.23,36.32,46.79,15.81,M,N,ABSENT,0,4.05,DARK ORANGE,3,5.326844667,18,non-ovigerous,2021-10
10/14/21,October,2021,BC,Trap,5,1,ORNATUS,F,NA,R1,41.02,73.14,91,41.91,31.72,38.99,11.01,M,N,ABSENT,0,2.18,DARK ORANGE,3,5.314480741,18,non-ovigerous,2021-10
10/13/21,October,2021,BC,Trap,5,1,ORNATUS,F,NA,"L1,L2,R2",46.2,75.5,103.2,45.5,32.1,51.1,15.5,M,N,ABSENT,0,2.4,DARK ORANGE,3,5.194805195,18,non-ovigerous,2021-10
1/20/21,January,2021,AP,Trap,5,1,SAPIDUS,F,H,-,91.13,95,123,56,40,55,19,M,N,ABSENT,0,4.72,ORANGE,3,5.179414024,18,non-ovigerous,2021-01
10/14/21,October,2021,AP,Trap,5,1,ORNATUS,F,NA,OK,48.65,74.5,95.72,44.01,31.81,41.78,13.44,M,N,ABSENT,0,2.51,ORANGE,3,5.159301131,18,non-ovigerous,2021-10
10/21/20,October,2020,BC,Trap,5,1,SAPIDUS,F,hard,OK,76.93,88.42,111.28,51.71,36.91,45.23,15.39,m,absent,ABSENT,0,3.88,ORANGE,3,5.043546081,18,non-ovigerous,2020-10
10/14/21,October,2021,AP,Trap,5,1,SAPIDUS,F,NA,"L1,SPINE",111.7,104.1,125,61.5,40.8,58.6,15.2,M,N,ABSENT,0,5.63,ORANGE,3,5.040286482,18,non-ovigerous,2021-10
7/14/21,July,2021,AP,Trap,5,1,SAPIDUS,F,H,"R1,R3,L1,L2",134.02,106.1,144.19,65.47,50.85,N/A,N/A,M,N,ABSENT,0,6.61,DARK ORANGE,3,4.932099687,18,non-ovigerous,2021-07
7/13/21,July,2021,BC,Trap,5,1,BOCOURTI,F,H,L1,71.4,84.21,95.61,51.91,32.3,47.9,14.79,M,N,ABSENT,0,3.5,DARK ORANGE,3,4.901960784,18,non-ovigerous,2021-07
1/20/21,January,2021,AP,Trap,5,1,SAPIDUS,F,H,L1,103.44,103,125,60,43,60,16,M,N,ABSENT,0,5.07,ORANGE,3,4.901392111,18,non-ovigerous,2021-01
1/20/21,January,2021,AP,Trap,5,1,SAPIDUS,F,H,-,121.2,105,126,60,43,65,20,M,N,ABSENT,0,5.89,ORANGE,3,4.859735974,18,non-ovigerous,2021-01
1/19/21,January,2021,AP,Trap,5,1,BOCOURTI,F,H,NA,104,88.34,100.21,52.94,37.49,50.32,18.95,M,N,ABSENT,0,4.87,ORANGE,3,4.682692308,18,non-ovigerous,2021-01
7/13/21,July,2021,BC,Trap,5,1,SIMILIS,F,dark,L1,49.63,79.25,102.16,46.95,29.29,45.92,14.03,M,N,ABSENT,0,2.32,DARK ORANGE,3,4.674591981,18,non-ovigerous,2021-07
4/21/21,April,2021,AP,Trap,5,1,BOCOURTI,F,NA,R1,87.2,87.6,99.31,61.36,38.77,51.29,16.65,M,N,ABSENT,0,4.06,DARK ORANGE,3,4.655963303,18,non-ovigerous,2021-04
10/15/21,October,2021,AP,Trap,5,1,BOCOURTI,F,NA,"L4,L5",76.1,86.8,105.5,53.1,40,50.6,16.1,M,N,ABSENT,0,3.51,DARK ORANGE,3,4.612352168,18,non-ovigerous,2021-10
10/14/21,October,2021,AP,Trap,5,1,BOCOURTI,F,NA,OK,64.68,81.37,101.52,49.05,36.43,43.27,14.89,M,N,ABSENT,0,2.98,ORANGE,3,4.607297464,18,non-ovigerous,2021-10
4/20/21,April,2021,AP,Trap,5,1,BOCOURTI,F,H,R1,73.45,84.68,100.78,60.36,39.3,45.18,13.33,M,N,ABSENT,0,3.38,BEIGE,1,4.601769912,18,non-ovigerous,2021-04
4/19/21,April,2021,BC,Trap,5,1,SIMILIS,F,H,L1,71.78,85.38,108.03,49.38,33.54,49.42,16.67,M,N,ABSENT,0,3.26,ORANGE,3,4.541655057,18,non-ovigerous,2021-04
10/14/21,October,2021,AP,Trap,5,1,SAPIDUS,F,NA,OK,76.1,88.15,160.89,52.2,38.54,45.87,15.77,M,N,ABSENT,0,3.41,ORANGE,3,4.480946124,18,non-ovigerous,2021-10
7/15/21,July,2021,AP,Trap,5,1,BOCOURTI,F,H,OK,89.29,90.05,111.12,54.46,31.14,47.78,16.67,M,N,ABSENT,0,3.98,DARK ORANGE,3,4.457386045,18,non-ovigerous,2021-07
10/21/20,October,2020,DY,Trap,5,1,SAPIDUS,F,hard,OK,129.54,102.68,132.83,59.42,43.73,53.54,19.77,m,absent,ABSENT,0,5.55,ORANGE,3,4.284390922,18,non-ovigerous,2020-10
10/20/20,October,2020,AP,Trap,5,1,SAPIDUS,F,hard,OK,87.1,68,112,54,38.1,47.2,15.6,m,absent,ABSENT,0,3.7,ORANGE,3,4.247990815,18,non-ovigerous,2020-10
4/19/21,April,2021,BC,Trap,5,1,BOCOURTI,F,H,R1,102.29,91.66,104.97,55.12,38.97,53.57,21.21,M,N,ABSENT,0,4.25,ORANGE,3,4.154853847,18,non-ovigerous,2021-04
10/15/21,October,2021,AP,Trap,5,1,BOCOURTI,F,NA,"L1,L5,R5",109.92,105.61,117.17,61.05,44.29,49.6,14.45,M,N,ABSENT,0,4.56,ORANGE,3,4.148471616,18,non-ovigerous,2021-10
10/13/21,October,2021,BC,Trap,5,1,EXASPERATUS,F,NA,OLD BROKEN CLAW,141.4,109.8,135.5,63.2,44.4,58.7,22.2,M,N,ABSENT,0,5.7,DARK ORANGE,3,4.031117397,18,non-ovigerous,2021-10
4/21/21,April,2021,AP,Trap,5,1,BOCOURTI,F,H,OK,70.45,79.2,93.02,53.8,35.66,38.32,13.29,M,N,ABSENT,0,2.81,DARK ORANGE,3,3.988644429,18,non-ovigerous,2021-04
4/21/21,April,2021,AP,Trap,5,1,BOCOURTI,F,H,OK,83.54,83.18,94.25,51.44,32,47.85,17.7,M,N,ABSENT,0,3.3,DARK ORANGE,3,3.950203495,18,non-ovigerous,2021-04
10/20/20,October,2020,AP,Trap,5,1,SAPIDUS,F,hard,OK,95,71,120,55.5,41,49,20,m,absent,ABSENT,0,3.7,ORANGE,3,3.894736842,18,non-ovigerous,2020-10
10/20/20,October,2020,IM,Trap,5,1,SAPIDUS,F,hard,L4,71.2,59.22,107,49,37.5,45,16,m,absent,ABSENT,0,2.7,DARK ORANGE,3,3.792134831,18,non-ovigerous,2020-10
10/21/20,October,2020,AP,Trap,5,1,BOCOURTI,F,hard,OK,74.23,84.07,102.46,51.67,36.3,43.02,14.11,m,absent,ABSENT,0,2.76,BEIGE,1,3.718173245,18,non-ovigerous,2020-10
1/19/21,January,2021,AP,Trap,5,1,SAPIDUS,F,H,-,65,88.23,113.8,51.84,38.31,44.79,16.19,M,N,ABSENT,0,2.33,ORANGE,3,3.584615385,18,non-ovigerous,2021-01
1/19/21,January,2021,BC,Trap,5,1,EXASPERATUS,F,H,R5,87,86.39,98.82,52.93,36.87,53.01,19.4,M,N,ABSENT,0,3.08,ORANGE,3,3.540229885,18,non-ovigerous,2021-01
10/21/20,October,2020,AP,Trap,5,1,ORNATUS,F,hard,OK,151.02,107.54,132.57,63.11,44.55,64.6,22.52,M,yes,ABSENT,0,5.3,LIGHT ORANGE,2,3.509468945,18,non-ovigerous,2020-10
10/14/21,October,2021,AP,Trap,5,1,BOCOURTI,F,NA,R1,55.95,80.9,102.58,48.2,35.49,41.05,10.95,M,N,ABSENT,0,1.92,ORANGE,3,3.431635389,18,non-ovigerous,2021-10
10/14/21,October,2021,BC,Trap,5,1,LARVATUS,F,NA,OK,54.27,75.75,92.42,42.24,30.51,43.1,16.44,M,N,ABSENT,0,1.82,ORANGE,3,3.353602359,18,non-ovigerous,2021-10
10/20/20,October,2020,AP,Trap,5,1,SAPIDUS,F,hard,R3,132,79.61,134.17,60.76,44,57,19.4,m,absent,ABSENT,0,4.2,DARK ORANGE,3,3.181818182,18,non-ovigerous,2020-10
7/13/21,July,2021,BC,Trap,5,1,BOCOURTI,F,H,OK,80.1,83.26,94.33,51.13,35.52,46.73,20,M,N,ABSENT,0,2.52,ORANGE,3,3.146067416,18,non-ovigerous,2021-07
10/17/20,October,2020,BC,Trap,5,1,BOCOURTI,F,hard,L1,99.6,77,121,60,44.1,50.2,17,M,absent,ABSENT,0,3.1,ORANGE,3,3.112449799,18,non-ovigerous,2020-10
7/14/21,July,2021,AP,Trap,5,1,SAPIDUS,F,H,OK,86.19,93.37,118.84,52.3,33.32,55.54,15.55,M,N,ABSENT,0,2.54,DARK ORANGE,3,2.946977608,18,non-ovigerous,2021-07
10/13/21,October,2021,BC,Trap,5,1,SIMILIS,F,NA,OK,44.56,73.31,88.33,42.25,31.19,38.46,11.92,M,N,ABSENT,0,1.31,DARK ORANGE,3,2.939856373,18,non-ovigerous,2021-10
1/20/21,January,2021,AP,Trap,5,1,SAPIDUS,F,H,"L4-R1, 4",93.84,97,118,57,40,56,18,M,N,ABSENT,0,2.7,ORANGE,3,2.877237852,18,non-ovigerous,2021-01
10/14/21,October,2021,AP,Trap,5,1,BOCOURTI,F,NA,"R1,R2,L3",80,91.2,108.8,57.2,40.4,50.1,14.1,M,N,ABSENT,0,2.28,ORANGE,3,2.85,18,non-ovigerous,2021-10
10/15/21,October,2021,BC,Trap,5,1,ORNATUS,F,NA,OK,70.74,84.45,108.11,47.81,37.23,45.94,15.2,M,N,ABSENT,0,1.97,ORANGE,3,2.784845915,18,non-ovigerous,2021-10
10/15/21,October,2021,DY,Trap,5,1,SAPIDUS,F,NA,OK,81.8,88.2,116.9,52.6,40.7,55.4,18.9,M,N,ABSENT,0,2.2,ORANGE,3,2.689486553,18,non-ovigerous,2021-10
10/14/21,October,2021,AP,Trap,5,1,SAPIDUS,F,NA,"L1,SPINE",111.4,102.6,121.2,59.4,41.8,55.4,16,M,N,ABSENT,0,2.96,ORANGE,3,2.657091562,18,non-ovigerous,2021-10
10/21/20,October,2020,AP,Trap,5,1,SAPIDUS,F,hard,OK,106.21,123.22,123.65,57.67,41.08,53.89,18.56,m,absent,ABSENT,0,2.82,ORANGE,3,2.655117221,18,non-ovigerous,2020-10
10/14/21,October,2021,DY,Trap,5,1,BOCOURTI,F,NA,"R3,R4,R5",74,86.5,106.11,55.3,37,48.5,14.3,M,N,ABSENT,0,1.94,ORANGE,3,2.621621622,18,non-ovigerous,2021-10
7/15/21,July,2021,AP,Trap,5,1,BOCOURTI,F,H,OK,85.52,89.3,110.15,54.02,40.67,42.82,14.38,M,N,ABSENT,0,2.2,DARK ORANGE,3,2.572497661,18,non-ovigerous,2021-07
7/13/21,July,2021,AP,Trap,5,1,SIMILIS,F,H,OK,60.73,80.01,95.4,46.63,34.42,50.94,15.58,M,N,ABSENT,0,1.56,ORANGE,3,2.568746913,18,non-ovigerous,2021-07
7/13/21,July,2021,AP,Trap,5,1,BOCOURTI,F,H,"R4,R5",91.5,91.15,112.2,55.56,42.22,50.06,15.58,M,N,ABSENT,0,2.35,ORANGE,3,2.568306011,18,non-ovigerous,2021-07
4/21/21,April,2021,BC,Trap,5,1,ORNATUS,F,H,OK,85.3,88.72,107.52,55.84,37.06,45.85,13.6,M,N,ABSENT,0,2.17,ORANGE,3,2.543962485,18,non-ovigerous,2021-04
10/21/20,October,2020,DY,Trap,5,1,SAPIDUS,F,hard,"R1,L1,L4",76.26,93.62,118.35,54.1,40.55,x,x,m,absent,ABSENT,0,1.92,ORANGE,3,2.517702596,18,non-ovigerous,2020-10
7/13/21,July,2021,BC,Trap,5,1,BOCOURTI,F,H,R5,82.39,83.3,95.43,50.05,35.55,47.7,16.73,M,N,ABSENT,0,2.05,DARK ORANGE,3,2.48816604,18,non-ovigerous,2021-07
4/19/21,April,2021,IM,Trap,5,1,BOCOURTI,F,H,OK,78.76,86.94,107.47,57.85,40.42,46.28,12.98,M,N,ABSENT,0,1.84,ORANGE,3,2.336211275,18,non-ovigerous,2021-04
7/13/21,July,2021,BC,Trap,5,1,BOCOURTI,F,H,OK,102.92,95.87,114.5,56.35,39.66,49.08,15.71,M,N,ABSENT,0,2.32,DARK ORANGE,3,2.254178002,18,non-ovigerous,2021-07
7/14/21,July,2021,AP,Trap,5,1,ORNATUS,F,H,"L4,L5",106,94.25,114.02,57.96,42.42,49.67,15.44,M,N,ABSENT,0,2.34,ORANGE,3,2.20754717,18,non-ovigerous,2021-07
1/19/21,January,2021,AP,Trap,5,1,BOCOURTI,F,H,-,85,74.41,78.94,49.49,34.39,48.74,15.54,M,N,ABSENT,0,1.87,ORANGE,3,2.2,18,non-ovigerous,2021-01
7/15/21,July,2021,DY,Trap,5,1,BOCOURTI,F,H,"R1,R4",84.43,94.24,110.87,56.68,40.08,47.34,13.24,M,N,ABSENT,0,1.82,ORANGE,3,2.155631884,18,non-ovigerous,2021-07
4/20/21,April,2021,BC,Trap,5,1,BOCOURTI,F,NA,OK,67.2,84.92,108.35,58.3,40.98,41.83,11.98,M,N,ABSENT,0,1.41,ORANGE,3,2.098214286,18,non-ovigerous,2021-04
4/21/21,April,2021,AP,Trap,5,1,BOCOURTI,F,chipped abdomen,"chipped abdomen, missing R4",92,85.08,96.9,52.94,33.35,50.17,18.99,M,N,ABSENT,0,1.88,DARK ORANGE,3,2.043478261,18,non-ovigerous,2021-04
4/20/21,April,2021,AP,Trap,5,1,BOCOURTI,F,no,OK,69.23,79.25,89.63,48,30.33,43.84,15.73,M,N,ABSENT,0,1.41,DARK ORANGE,3,2.036689297,18,non-ovigerous,2021-04
7/13/21,July,2021,AP,Trap,5,1,BOCOURTI,F,H,OK,84.3,89.8,109.84,54.3,39.95,45.5,14.43,M,N,ABSENT,0,1.7,ORANGE,3,2.016607355,18,non-ovigerous,2021-07
1/19/21,January,2021,BC,Trap,5,1,ORNATUS,F,H,-,58.2,78.49,98.91,46.4,33.98,45.09,16.11,M,N,ABSENT,0,1.13,ORANGE,3,1.941580756,18,non-ovigerous,2021-01
7/13/21,July,2021,BC,Trap,5,1,BOCOURTI,F,H,L3,96.17,85.06,96.61,53.26,36.64,49.85,21.1,M,N,ABSENT,0,1.84,ORANGE,3,1.913278569,18,non-ovigerous,2021-07
10/20/20,October,2020,AP,Trap,5,1,BOCOURTI,F,hard,"R1,L4",84,70,111,57,41,46,15.4,m,absent,ABSENT,0,1.6,DARK ORANGE,3,1.904761905,18,non-ovigerous,2020-10
1/20/21,January,2021,AP,Trap,5,1,SAPIDUS,F,H,-,79.86,95,115,55,38,53,15,M,N,ABSENT,0,1.487,LIGHT ORANGE,2,1.862008515,18,non-ovigerous,2021-01
7/13/21,July,2021,AP,Trap,5,1,BOCOURTI,F,H,OK,98.53,86.53,100.93,54.31,37.71,52.15,20,M,N,ABSENT,0,1.8,DARK ORANGE,3,1.826854765,18,non-ovigerous,2021-07
10/15/21,October,2021,BC,Trap,5,1,LARVATUS,F,NA,OK,36.8,65.5,81.8,37.3,28.7,40.7,14.5,M,N,ABSENT,0,0.67,ORANGE,3,1.820652174,18,non-ovigerous,2021-10
10/21/20,October,2020,DY,Trap,5,1,BOCOURTI,F,hard,"R1,L1,R4",90.11,96.6,117.58,58.29,41.52,x,x,m,absent,ABSENT,0,1.62,DARK ORANGE,3,1.797802686,18,non-ovigerous,2020-10
4/21/21,April,2021,AP,Trap,5,1,BOCOURTI,F,H,OK,94.71,89.59,100.09,55.29,37.6,50.07,20.93,M,N,ABSENT,0,1.7,LIGHT ORANGE,2,1.794953014,18,non-ovigerous,2021-04
4/21/21,April,2021,AP,Trap,5,1,ORNATUS,F,H,OK,78.91,87.54,103.15,54.21,37.58,45.91,14.69,M,N,ABSENT,0,1.33,BEIGE,1,1.685464453,18,non-ovigerous,2021-04
10/14/21,October,2021,AP,Trap,5,1,ORNATUS,F,NA,"L1,L3",80.1,91.1,109.8,56.6,36.5,-,13.2,M,N,ABSENT,0,1.35,ORANGE,3,1.685393258,18,non-ovigerous,2021-10
10/13/21,October,2021,BC,Trap,5,1,BOCOURTI,F,NA,OK,68.07,80.09,91.41,48.15,33.43,41.65,14.35,M,N,ABSENT,0,1.09,ORANGE,3,1.601292787,18,non-ovigerous,2021-10
10/13/21,October,2021,DY,Trap,5,1,BOCOURTI,F,NA,"R1,L1",76.28,91.48,112.1,55.9,41.38,NA,NA,M,N,ABSENT,0,1.2,ORANGE,3,1.573151547,18,non-ovigerous,2021-10
10/20/20,October,2020,BC,Trap,5,1,SAPIDUS,F,hard,R1,86.19,93.18,116.43,53.28,37.98,46.81,15.22,m,absent,ABSENT,0,1.33,ORANGE,3,1.543102448,18,non-ovigerous,2020-10
1/20/21,January,2021,AP,Trap,5,1,SAPIDUS,F,H,-,102.57,105,126,60,42,54,16,M,N,ABSENT,0,1.57,ORANGE,3,1.530661987,18,non-ovigerous,2021-01
10/20/20,October,2020,AP,Trap,5,1,SAPIDUS,F,hard,OK,124,76,117,61,41.2,57,21,m,absent,ABSENT,0,1.8,LIGHT ORANGE,2,1.451612903,18,non-ovigerous,2020-10
1/20/21,January,2021,AP,Trap,5,1,SAPIDUS,F,H,-,77,98.39,122.76,56.83,40.24,N/A,N/A,M,N,ABSENT,0,1.1,ORANGE,3,1.428571429,18,non-ovigerous,2021-01
10/14/21,October,2021,AP,Trap,5,1,ORNATUS,F,NA,"R3,R5",60.87,79.98,101.06,45.94,33.99,41.68,15.12,M,N,ABSENT,0,0.86,ORANGE,3,1.412847051,18,non-ovigerous,2021-10
10/20/20,October,2020,AP,Trap,5,1,SAPIDUS,F,hard,"R1,L1",109,84.3,127,61,44,NA,NA,m,absent,ABSENT,0,1.5,ORANGE,3,1.376146789,18,non-ovigerous,2020-10
7/13/21,July,2021,AP,Trap,5,1,BOCOURTI,F,H,"L4,L5",108.53,89.57,103.09,54.27,37.66,52.26,17.93,M,N,ABSENT,0,1.44,ORANGE,3,1.326822077,18,non-ovigerous,2021-07
4/20/21,April,2021,AP,Trap,5,1,BOCOURTI,F,spine,"L1, R1, R3, L3",60.52,80.72,88.79,57.58,35.22,N/A,N/A,M,N,ABSENT,0,0.77,DARK ORANGE,3,1.272306675,18,non-ovigerous,2021-04
7/15/21,July,2021,BC,Trap,5,1,sp,F,H,R1,21.4,50.08,73.41,33.36,19.96,29.95,7.76,M,N,ABSENT,0,0.27,ORANGE,3,1.261682243,18,non-ovigerous,2021-07
10/20/20,October,2020,AP,Trap,5,1,BOCOURTI,F,hard,"R1,L5",64,60,89.2,48.2,32,41,15.2,m,absent,ABSENT,0,0.8,ORANGE,3,1.25,18,non-ovigerous,2020-10
4/20/21,April,2021,AP,Trap,5,1,SAPIDUS,F,H,NA,109.04,97.47,122.97,62.49,42.55,55.87,20.41,M,N,ABSENT,0,1.36,LIGHT ORANGE,2,1.247248716,18,non-ovigerous,2021-04
10/20/20,October,2020,AP,Trap,5,1,BOCOURTI,F,hard,L4,80.3,63,105,53,38,44,14.8,m,absent,ABSENT,0,1,ORANGE,3,1.245330012,18,non-ovigerous,2020-10
7/15/21,July,2021,AP,Trap,5,1,BOCOURTI,F,H,OK,73.26,82.31,98.89,50,31.12,46.66,13.34,M,N,ABSENT,0,0.85,BEIGE,1,1.16025116,18,non-ovigerous,2021-07
4/21/21,April,2021,DY,Trap,5,1,SAPIDUS,F,NA,OK,91.56,96.67,119.9,54.43,37.77,48.84,15.53,M,N,ABSENT,0,1.01,LIGHT ORANGE,2,1.103101791,18,non-ovigerous,2021-04
10/13/21,October,2021,AP,Trap,5,1,SAPIDUS,F,NA,MAT,117.6,100.4,123.3,58.9,40,60.6,21.1,M,N,ABSENT,0,1.29,DARK ORANGE,3,1.096938776,18,non-ovigerous,2021-10
7/15/21,July,2021,AP,Trap,5,1,BOCOURTI,F,H,"L1,L4",62.16,78.9,93.37,48.86,29.98,39.96,11.2,M,N,ABSENT,0,0.68,DARK ORANGE,3,1.093951094,18,non-ovigerous,2021-07
7/13/21,July,2021,AP,Trap,5,1,BOCOURTI,F,H,OK,82.34,87.38,107.15,57.18,34.5,50.12,14.82,M,N,ABSENT,0,0.9,LIGHT ORANGE,2,1.093028905,18,non-ovigerous,2021-07
4/21/21,April,2021,AP,Trap,5,1,BOCOURTI,F,H,OK,82.01,81.49,93.52,49.97,31.78,47.32,14.38,M,N,ABSENT,0,0.82,LIGHT ORANGE,2,0.999878064,18,non-ovigerous,2021-04
10/14/21,October,2021,BC,Trap,5,1,SAPIDUS,F,NA,"R1,L1,L5",91.9,101.5,131.2,58.7,41.7,-,-,M,N,ABSENT,0,0.86,YELLOW,2,0.935799782,18,non-ovigerous,2021-10
7/15/21,July,2021,AP,Trap,5,1,BOCOURTI,F,H,OK,106.72,94.63,112.43,57.27,42.75,55.04,18.97,M,N,ABSENT,0,0.98,LIGHT ORANGE,2,0.918290855,18,non-ovigerous,2021-07
4/20/21,April,2021,AP,Trap,5,1,SIMILIS,F,broken spine,"L1, spine",52.69,76.87,89,53.35,34.32,44.31,13.65,M,N,ABSENT,0,0.46,ORANGE,3,0.873030936,18,non-ovigerous,2021-04
10/14/21,October,2021,AP,Trap,5,1,SAPIDUS,F,NA,OK,110.5,98.62,121.05,58.18,44.25,54.42,19.88,M,N,ABSENT,0,0.92,BEIGE,1,0.832579186,18,non-ovigerous,2021-10
7/14/21,July,2021,AP,Trap,5,1,ORNATUS,F,H,R2,84.9,86.25,104.91,54.3,38.47,46.25,15.1,M,N,ABSENT,0,0.7,BEIGE,1,0.824499411,18,non-ovigerous,2021-07
10/14/21,October,2021,DY,Trap,5,1,SAPIDUS,F,NA,OK,96.4,94.3,117.5,55.3,42.2,54,17.6,M,N,ABSENT,0,0.77,BEIGE,1,0.798755187,18,non-ovigerous,2021-10
1/20/21,January,2021,AP,Trap,5,1,SAPIDUS,F,H,-,129,106.45,136.52,62.37,45.46,56.57,17.67,M,N,ABSENT,0,1.03,BEIGE,1,0.798449612,18,non-ovigerous,2021-01
7/13/21,July,2021,AP,Trap,5,1,BOCOURTI,F,H,DIRTY,72.74,84.57,105.39,52.02,37.61,48.02,12.75,M,N,ABSENT,0,0.58,BEIGE,1,0.797360462,18,non-ovigerous,2021-07
10/20/20,October,2020,AP,Trap,5,1,SAPIDUS,F,hard,"L1,R4",65,68,106,49.77,36,44,17,m,absent,ABSENT,0,0.5,ORANGE,3,0.769230769,18,non-ovigerous,2020-10
7/15/21,July,2021,AP,Trap,5,1,BOCOURTI,F,H,OK,87.98,90.07,100.04,53.35,32.36,48.87,14.42,M,N,ABSENT,0,0.67,BEIGE,1,0.761536713,18,non-ovigerous,2021-07
10/13/21,October,2021,AP,Trap,5,1,BOCOURTI,F,NA,L1 (HOLES),76.05,86.17,100.05,54.61,39.16,47.3,16.03,M,N,ABSENT,0,0.56,BEIGE,1,0.736357659,18,non-ovigerous,2021-10
1/20/21,January,2021,AP,Trap,5,1,BOCOURTI,F,H,"R1,4 - L1",69,80.1,95.72,51.07,34.42,44.2,14.07,M,N,ABSENT,0,0.49,BEIGE,1,0.710144928,18,non-ovigerous,2021-01
10/21/20,October,2020,AP,Trap,5,1,BOCOURTI,F,hard,R1,54.13,80,97.63,48.38,36.26,38.63,12.01,M,absent,ABSENT,0,0.38,BEIGE,1,0.702013671,18,non-ovigerous,2020-10
10/13/21,October,2021,BC,Trap,5,1,SAPIDUS,F,NA,MAT,73.26,88.23,113.7,50.5,37.4,44.6,16.4,M,N,ABSENT,0,0.49,BEIGE,1,0.668850669,18,non-ovigerous,2021-10
7/13/21,July,2021,AP,Trap,5,1,BOCOURTI,F,H,DIRTY,75.32,80.41,91.86,48.17,33.59,42.95,16.1,M,N,ABSENT,0,0.5,DARK ORANGE,3,0.663834307,18,non-ovigerous,2021-07
10/14/21,October,2021,DY,Trap,5,1,BOCOURTI,F,NA,OK,73.89,84.84,101.55,51.58,36.94,47.74,16.29,M,N,ABSENT,0,0.48,BEIGE,1,0.649614292,18,non-ovigerous,2021-10
10/20/20,October,2020,AP,Trap,5,1,BOCOURTI,F,hard,OK,93,75.4,112,55.41,39.1,46.7,18.12,M,absent,ABSENT,0,0.6,WHITE,1,0.64516129,18,non-ovigerous,2020-10
7/14/21,July,2021,AP,Trap,5,1,ORNATUS,F,H,OK,73.28,84.51,100,51.1,N/A,45.54,13.27,M,N,ABSENT,0,0.47,BEIGE,1,0.641375546,18,non-ovigerous,2021-07
7/14/21,July,2021,AP,Trap,5,1,ORNATUS,F,H,OK,74.38,85.59,100.53,51.17,31.19,42.3,13.35,M,N,ABSENT,0,0.38,BEIGE,1,0.510890024,18,non-ovigerous,2021-07
1/19/21,January,2021,AP,Trap,5,1,SAPIDUS,F,H,R2,83,91.35,114.64,52.07,38.79,49.8,15.85,M,N,ABSENT,0,0.39,ORANGE,3,0.469879518,18,non-ovigerous,2021-01
7/15/21,July,2021,AP,Trap,5,1,BOCOURTI,F,H,OK,81.08,91.86,112.64,54.4,40.86,46.09,15.39,M,N,ABSENT,0,0.36,BEIGE,1,0.44400592,18,non-ovigerous,2021-07
7/13/21,July,2021,DY,Trap,5,1,SAPIDUS,F,H,OK,101.22,100,124.33,56.65,41.11,50,20.01,M,N,ABSENT,0,0.36,BEIGE,1,0.355660937,18,non-ovigerous,2021-07
10/20/20,October,2020,AP,Trap,5,1,ORNATUS,F,hard,"L1,R3",60.4,64,95.5,49.2,36.1,44,14,m,absent,ABSENT,0,0.2,LIGHT ORANGE,2,0.331125828,18,non-ovigerous,2020-10
10/13/21,October,2021,DY,Trap,5,1,BOCOURTI,F,NA,L4,73.75,85.88,103.37,53.17,37.87,42.66,13.8,M,N,ABSENT,0,0.18,BEIGE,1,0.244067797,18,non-ovigerous,2021-10
10/21/20,October,2020,AP,Trap,5,1,SAPIDUS,F,hard,OK,128.09,97.78,128.09,57.81,38.42,56.44,19.87,M,NA,ABSENT,0,0.26,BEIGE,1,0.202982278,18,non-ovigerous,2020-10
1/20/21,January,2021,AP,Trap,5,1,BOCOURTI,F,H,L1,56.65,76,86,46,32,45,14,M,N,ABSENT,0,0.05,BEIGE,1,8.83E-02,18,non-ovigerous,2021-01
4/19/21,April,2021,AP,Trap,5,1,BOCOURTI,F,H,OK,73.62,81.25,97.68,50.96,33.47,45.17,15.19,M,N,ABSENT,0,0.01,WHITE,1,1.36E-02,18,non-ovigerous,2021-04