"Date","Station","Year_Month","ID","sex","weight (g)","Carapace width (base) (mm)","Carapace width (lateral spines) (mm)","Carapace length (mm)","Maturity","Ovigerous"
"1/20/21","AP","2021-01","BOCOURTI","F",56.65,76,86,46,"M",0
"10/13/21","DY","2021-10","BOCOURTI","F",73.75,85.88,103.37,53.17,"M",0
"7/13/21","DY","2021-07","SAPIDUS","F",101.22,100,124.33,56.65,"M",0
"7/15/21","AP","2021-07","BOCOURTI","F",81.08,91.86,112.64,54.4,"M",0
"10/21/20","AP","2020-10","BOCOURTI","F",54.13,80,97.63,48.38,"m",0
"7/14/21","AP","2021-07","ORNATUS","F",74.38,85.59,100.53,51.17,"M",0
"7/14/21","AP","2021-07","ORNATUS","F",73.28,84.51,100,51.1,"M",0
"10/14/21","DY","2021-10","BOCOURTI","F",73.89,84.84,101.55,51.58,"M",0
"1/20/21","AP","2021-01","BOCOURTI","F",69,80.1,95.72,51.07,"M",0
"10/13/21","BC","2021-10","SAPIDUS","F",73.26,88.23,113.7,50.5,"M",0
"10/13/21","AP","2021-10","BOCOURTI","F",76.05,86.17,100.05,54.61,"M",0
"7/13/21","AP","2021-07","BOCOURTI","F",72.74,84.57,105.39,52.02,"M",0
"7/15/21","AP","2021-07","BOCOURTI","F",87.98,90.07,100.04,53.35,"M",0
"7/14/21","AP","2021-07","ORNATUS","F",84.9,86.25,104.91,54.3,"M",0
"7/15/21","AP","2021-07","BOCOURTI","F",73.26,82.31,98.89,50,"M",0
"1/20/21","AP","2021-01","SAPIDUS","F",129,106.45,136.52,62.37,"M",0
"4/21/21","AP","2021-04","ORNATUS","F",78.91,87.54,103.15,54.21,"M",0
"10/21/20","AP","2020-10","BOCOURTI","F",74.23,84.07,102.46,51.67,"m",0
"4/20/21","AP","2021-04","BOCOURTI","F",73.45,84.68,100.78,60.36,"M",0
"10/13/21","DY","2021-10","BOCOURTI","F",63.6,83.7,100,50.5,"M",0
"1/20/21","AP","2021-01","SAPIDUS","F",130.35,108,128,66,"M",0
"1/20/21","AP","2021-01","SAPIDUS","F",104.2,96,122,59,"M",0
"10/14/21","DY","2021-10","SAPIDUS","F",96.4,94.3,117.5,55.3,"M",0
"10/14/21","AP","2021-10","SAPIDUS","F",110.5,98.62,121.05,58.18,"M",0
"7/13/21","AP","2021-07","BOCOURTI","F",75.32,80.41,91.86,48.17,"M",0
"7/15/21","AP","2021-07","BOCOURTI","F",62.16,78.9,93.37,48.86,"M",0
"4/20/21","AP","2021-04","BOCOURTI","F",60.52,80.72,88.79,57.58,"M",0
"10/13/21","AP","2021-10","SAPIDUS","F",117.6,100.4,123.3,58.9,"M",0
"10/13/21","BC","2021-10","SIMILIS","F",44.56,73.31,88.33,42.25,"M",0
"4/20/21","AP","2021-04","BOCOURTI","F",69.23,79.25,89.63,48,"M",0
"7/13/21","AP","2021-07","BOCOURTI","F",98.53,86.53,100.93,54.31,"M",0
"4/21/21","AP","2021-04","BOCOURTI","F",92,85.08,96.9,52.94,"M",0
"7/13/21","BC","2021-07","BOCOURTI","F",82.39,83.3,95.43,50.05,"M",0
"10/14/21","BC","2021-10","ORNATUS","F",41.02,73.14,91,41.91,"M",0
"7/15/21","AP","2021-07","BOCOURTI","F",85.52,89.3,110.15,54.02,"M",0
"7/13/21","AP","2021-07","SIMILIS","F",32.07,65.53,82.25,33.75,"M",0
"7/13/21","BC","2021-07","BOCOURTI","F",102.92,95.87,114.5,56.35,"M",0
"7/13/21","BC","2021-07","SIMILIS","F",49.63,79.25,102.16,46.95,"M",0
"10/13/21","BC","2021-10","ORNATUS","F",46.2,75.5,103.2,45.5,"M",0
"7/14/21","AP","2021-07","SAPIDUS","F",86.19,93.37,118.84,52.3,"M",0
"10/15/21","AP","2021-10","ORNATUS","F",37.1,67.4,86.1,39.1,NA,0
"4/21/21","AP","2021-04","BOCOURTI","F",70.45,79.2,93.02,53.8,"M",0
"10/15/21","AP","2021-10","ORNATUS","F",54.99,78.48,100.8,46.34,NA,0
"4/21/21","AP","2021-04","BOCOURTI","F",83.54,83.18,94.25,51.44,"M",0
"7/13/21","BC","2021-07","BOCOURTI","F",71.4,84.21,95.61,51.91,"M",0
"10/15/21","AP","2021-10","BOCOURTI","F",76.1,86.8,105.5,53.1,NA,0
"7/15/21","AP","2021-07","BOCOURTI","F",89.29,90.05,111.12,54.46,"M",0
"10/13/21","BC","2021-10","BOCOURTI","F",76.03,84.16,96.22,51.23,"M",0
"4/21/21","AP","2021-04","BOCOURTI","F",87.2,87.6,99.31,61.36,"M",0
"10/13/21","BC","2021-10","ORNATUS","F",44.87,75.2,94.69,43.02,"M",0
"10/13/21","BC","2021-10","SIMILIS","F",42.52,74.51,95.66,43.45,"M",0
"4/21/21","AP","2021-04","BOCOURTI","F",79.12,81.52,94.14,50.62,"M",0
"10/14/21","DY","2021-10","BOCOURTI","F",68.11,78.2,87.2,49,"M",0
"4/21/21","AP","2021-04","BOCOURTI","F",NA,79.23,91.69,50.06,"M",0
"10/13/21","DY","2021-10","BOCOURTI","F",63.4,81.8,97.4,49.5,"M",0
"7/15/21","IM","2021-07","ORNATUS","F",74.16,85.73,100.37,52.4,"M",0
"10/14/21","AP","2021-10","ORNATUS","F",86.8,88.6,105.6,57.2,"M",0
"7/14/21","AP","2021-07","SAPIDUS","F",134.02,106.1,144.19,65.47,"M",0
"7/13/21","IM","2021-07","BOCOURTI","F",73.19,83.96,98.54,51.77,"M",0
"7/15/21","AP","2021-07","BOCOURTI","F",69.65,80.01,90.06,48.82,"M",0
"7/13/21","IM","2021-07","BOCOURTI","F",74.45,84.41,103.25,51.1,"M",0
"7/13/21","IM","2021-07","BOCOURTI","F",58.85,80.95,92.2,49.79,"M",0
"10/13/21","AP","2021-10","BOCOURTI","F",116.4,102,121.9,61.1,"M",0
"4/21/21","AP","2021-04","BOCOURTI","F",120.16,92.39,106.11,54.75,"M",0
"4/20/21","IM","2021-04","BOCOURTI","F",83.37,86.77,106.22,54.12,"M",0
"10/13/21","BC","2021-10","ORNATUS","F",43.6,73.2,92.2,40,"M",0
"10/13/21","AP","2021-10","ORNATUS","F",33.5,68.8,81.9,40.4,"M",0
"1/20/21","AP","2021-01","SAPIDUS","F",135.42,105,130,65,"M",0
"7/14/21","IM","2021-07","BOCOURTI","F",79.06,95.54,102.18,51.15,"M",0
"1/20/21","AP","2021-01","SAPIDUS","F",96.24,98,118,59,"M",0
"7/14/21","DY","2021-07","ORNATUS","F",91.06,87.79,101.12,55.6,"M",0
"7/14/21","DY","2021-07","ORNATUS","F",134.25,100.06,121.13,61.17,"M",0
"10/20/20","AP","2020-10","BOCOURTI","F",84,70,111,57,"m",0
"10/21/20","DY","2020-10","BOCOURTI","F",90.11,96.6,117.58,58.29,"m",0
"10/20/20","IM","2020-10","SAPIDUS","F",71.2,59.22,107,49,"m",0
"10/20/20","AP","2020-10","BOCOURTI","F",71,64,98.2,51,"m",0
"10/20/20","AP","2020-10","SAPIDUS","F",132,79.61,134.17,60.76,"m",0
"10/20/20","AP","2020-10","BOCOURTI","F",73,72,105,53,"m",0
"10/20/20","AP","2020-10","BOCOURTI","F",71,67.1,98.79,50.04,"m",0
"10/20/20","AP","2020-10","SAPIDUS","F",86,72.44,114,53,"m",0
"4/21/21","AP","2021-04","SIMILIS","F",15.91,50.89,66.47,31.31,"IM",0
"4/20/21","AP","2021-04","SIMILIS","F",25.39,61.37,78.47,40.45,"IM",0
"10/20/20","AP","2020-10","ORNATUS","F",60.4,64,95.5,49.2,"m",0
"4/21/21","AP","2021-04","BOCOURTI","F",82.01,81.49,93.52,49.97,"M",0
"7/13/21","AP","2021-07","BOCOURTI","F",82.34,87.38,107.15,57.18,"M",0
"7/15/21","AP","2021-07","BOCOURTI","F",106.72,94.63,112.43,57.27,"M",0
"4/20/21","AP","2021-04","SAPIDUS","F",109.04,97.47,122.97,62.49,"M",0
"1/20/21","AP","2021-01","SAPIDUS","F",79.86,95,115,55,"M",0
"4/21/21","AP","2021-04","BOCOURTI","F",94.71,89.59,100.09,55.29,"M",0
"10/20/20","AP","2020-10","SAPIDUS","F",124,76,117,61,"m",0
"1/20/21","AP","2021-01","SAPIDUS","F",74.17,90,108,50,"M",0
"1/20/21","AP","2021-01","SAPIDUS","F",92.26,96,119,55,"M",0
"4/21/21","DY","2021-04","SAPIDUS","F",91.56,96.67,119.9,54.43,"M",0
"10/21/20","AP","2020-10","ORNATUS","F",151.02,107.54,132.57,63.11,"-",NA
"10/21/20","AP","2020-10","SAPIDUS","F",128.09,97.78,128.09,57.81,NA,0
"1/20/21","DY","2021-01","BOCOURTI","F",65.21,90,100,58,"M",0
"7/13/21","BC","2021-07","SIMILIS","F",19.81,54.42,70.08,32.86,"IM",0
"7/15/21","DY","2021-07","SAPIDUS","F",67.99,85.56,106.68,49.99,"IM",0
"7/15/21","IM","2021-07","SAPIDUS","F",12.61,61.1,72.24,35.53,"IM",0
"4/19/21","DY","2021-04","BOCOURTI","F",23.19,62.52,78.07,37.69,"M",0
"10/21/20","AP","2020-10","BOCOURTI","F",NA,56,NA,NA,"N/A",0
"10/21/20","DY","2020-10","SIMILIS","F",NA,NA,NA,NA,"N/A",0
"10/17/20","BC","2020-10","BOCOURTI","F",68.8,69.34,103.78,50,"m",0
"10/21/20","AP","2020-10","SAPIDUS","F",109.36,96.36,118.3,59.24,NA,0
"10/21/20","AP","2020-10","BOCOURTI","F",NA,56,NA,NA,"-",0
"10/21/20","DY","2020-10","SIMILIS","F",NA,NA,NA,NA,"-",0
"10/15/21","AP","2021-10","SIMILIS","F",NA,56.75,72.47,33.01,"IM",0
"10/15/21","DY","2021-10","BOCOURTI","F",82.28,89.57,107.54,54.84,NA,0
"10/20/20","AP","2020-10","SAPIDUS","F",109,84.3,127,61,"m",0
"10/21/20","DY","2020-10","SAPIDUS","F",109.47,97.64,119.27,56.25,"-",0
"1/19/21","AP","2021-01","SAPIDUS","F",83,91.35,114.64,52.07,"M",0
"4/20/21","AP","2021-04","SIMILIS","F",52.69,76.87,89,53.35,"M",0
"10/20/20","AP","2020-10","SAPIDUS","F",65,68,106,49.77,"m",0
"10/20/20","AP","2020-10","BOCOURTI","F",64,60,89.2,48.2,"m",0
"10/14/21","AP","2021-10","ORNATUS","F",60.87,79.98,101.06,45.94,"M",0
"10/20/20","AP","2020-10","BOCOURTI","F",80.3,63,105,53,"m",0
"10/13/21","BC","2021-10","BOCOURTI","F",68.07,80.09,91.41,48.15,"M",0
"1/20/21","AP","2021-01","SAPIDUS","F",77,98.39,122.76,56.83,"M",0
"1/19/21","BC","2021-01","ORNATUS","F",58.2,78.49,98.91,46.4,"M",0
"10/13/21","DY","2021-10","BOCOURTI","F",76.28,91.48,112.1,55.9,"M",0
"10/20/20","BC","2020-10","SAPIDUS","F",86.19,93.18,116.43,53.28,"m",0
"10/14/21","AP","2021-10","ORNATUS","F",80.1,91.1,109.8,56.6,"M",0
"4/20/21","BC","2021-04","BOCOURTI","F",67.2,84.92,108.35,58.3,"M",0
"7/13/21","AP","2021-07","BOCOURTI","F",108.53,89.57,103.09,54.27,"M",0
"7/13/21","AP","2021-07","SIMILIS","F",60.73,80.01,95.4,46.63,"M",0
"1/20/21","AP","2021-01","SAPIDUS","F",102.57,105,126,60,"M",0
"7/13/21","AP","2021-07","BOCOURTI","F",84.3,89.8,109.84,54.3,"M",0
"7/15/21","DY","2021-07","BOCOURTI","F",84.43,94.24,110.87,56.68,"M",0
"4/19/21","IM","2021-04","BOCOURTI","F",78.76,86.94,107.47,57.85,"M",0
"7/13/21","BC","2021-07","BOCOURTI","F",96.17,85.06,96.61,53.26,"M",0
"1/19/21","AP","2021-01","BOCOURTI","F",85,74.41,78.94,49.49,"M",0
"10/21/20","DY","2020-10","SAPIDUS","F",76.26,93.62,118.35,54.1,"m",0
"10/14/21","AP","2021-10","BOCOURTI","F",55.95,80.9,102.58,48.2,"M",0
"10/14/21","DY","2021-10","BOCOURTI","F",74,86.5,106.11,55.3,"M",0
"10/15/21","BC","2021-10","ORNATUS","F",70.74,84.45,108.11,47.81,NA,0
"4/21/21","BC","2021-04","ORNATUS","F",85.3,88.72,107.52,55.84,"M",0
"10/15/21","DY","2021-10","SAPIDUS","F",81.8,88.2,116.9,52.6,NA,0
"10/14/21","AP","2021-10","BOCOURTI","F",80,91.2,108.8,57.2,"M",0
"1/19/21","AP","2021-01","SAPIDUS","F",65,88.23,113.8,51.84,"M",0
"7/14/21","AP","2021-07","ORNATUS","F",106,94.25,114.02,57.96,"M",0
"7/13/21","AP","2021-07","BOCOURTI","F",91.5,91.15,112.2,55.56,"M",0
"10/14/21","AP","2021-10","ORNATUS","F",48.65,74.5,95.72,44.01,"M",0
"7/13/21","BC","2021-07","BOCOURTI","F",80.1,83.26,94.33,51.13,"M",0
"1/20/21","AP","2021-01","SAPIDUS","F",93.84,97,118,57,"M",0
"10/21/20","AP","2020-10","SAPIDUS","F",106.21,123.22,123.65,57.67,"m",0
"10/14/21","AP","2021-10","SAPIDUS","F",111.4,102.6,121.2,59.4,"M",0
"10/14/21","AP","2021-10","BOCOURTI","F",64.68,81.37,101.52,49.05,"M",0
"10/17/20","BC","2020-10","BOCOURTI","F",99.6,77,121,60,"-",0
"10/14/21","AP","2021-10","ORNATUS","F",59.85,79.66,102.47,46.79,"M",0
"4/19/21","BC","2021-04","SIMILIS","F",71.78,85.38,108.03,49.38,"M",0
"4/19/21","AP","2021-04","BOCOURTI","F",57.05,76.44,88.13,51.4,"M",0
"7/13/21","BC","2021-07","SIMILIS","F",49.02,72.05,92.87,42.12,"M",0
"10/14/21","AP","2021-10","SAPIDUS","F",76.1,88.15,160.89,52.2,"M",0
"10/14/21","AP","2021-10","SAPIDUS","F",68.4,83.82,105.96,50.32,"M",0
"10/20/20","AP","2020-10","SAPIDUS","F",95,71,120,55.5,"m",0
"10/20/20","AP","2020-10","SAPIDUS","F",87.1,68,112,54,"m",0
"10/14/21","BC","2021-10","ORNATUS","F",48.7,77.9,98.9,45.4,"M",0
"10/21/20","BC","2020-10","SAPIDUS","F",76.93,88.42,111.28,51.71,"m",0
"4/19/21","BC","2021-04","BOCOURTI","F",102.29,91.66,104.97,55.12,"M",0
"10/21/20","IM","2020-10","BOCOURTI","F",68.92,80.8,96.01,49.4,"m",0
"10/15/21","AP","2021-10","BOCOURTI","F",109.92,105.61,117.17,61.05,NA,0
"7/13/21","AP","2021-07","BOCOURTI","F",68.54,82.5,100.17,49.64,"M",0
"1/20/21","AP","2021-01","SAPIDUS","F",91.13,95,123,56,"M",0
"1/19/21","AP","2021-01","BOCOURTI","F",104,88.34,100.21,52.94,"M",0
"1/20/21","AP","2021-01","SAPIDUS","F",73.97,88,110,50,"M",0
"1/19/21","IM","2021-01","BOCOURTI","F",68.7,82.48,100.56,51.17,"M",0
"1/20/21","AP","2021-01","SAPIDUS","F",103.44,103,125,60,"M",0
"10/13/21","AP","2021-10","SAPIDUS","F",77.89,89.26,113.31,51.8,"M",0
"10/21/20","DY","2020-10","SAPIDUS","F",129.54,102.68,132.83,59.42,"m",0
"10/14/21","AP","2021-10","SAPIDUS","F",111.7,104.1,125,61.5,"M",0
"1/20/21","AP","2021-01","SAPIDUS","F",121.2,105,126,60,"M",0
"10/13/21","AP","2021-10","BOCOURTI","F",80.62,84.95,101.16,55.22,"M",0
"10/14/21","AP","2021-10","SAPIDUS","F",107.23,97.9,124.87,56.47,"M",0
"4/21/21","IM","2021-04","ORNATUS","F",NA,79.23,95.87,50.05,"M",0
"10/20/20","AP","2020-10","SAPIDUS","F",94.4,75,125.42,56.11,"m",0
"10/15/21","AP","2021-10","SAPIDUS","F",94.11,92.42,117.04,55.16,NA,0
"10/14/21","AP","2021-10","SAPIDUS","F",114.1,97.5,124.8,56.9,"M",0
"10/14/21","DY","2021-10","BOCOURTI","F",66.26,82.46,98.94,49.09,"M",0
"1/20/21","AP","2021-01","SAPIDUS","F",116,101.18,123.74,57.25,"M",0
"1/20/21","AP","2021-01","SAPIDUS","F",85.97,95,121,50,"M",0
"10/13/21","AP","2021-10","BOCOURTI","F",106.1,95,116.2,59.9,"M",0
"4/21/21","IM","2021-04","ORNATUS","F",80.77,86.07,106.96,60.51,"M",0
"7/13/21","DY","2021-07","BOCOURTI","F",81.64,88.76,104.41,52.86,"M",0
"10/15/21","AP","2021-10","BOCOURTI","F",78.63,86.26,104.92,54.61,NA,0
"10/21/20","AP","2020-10","SAPIDUS","F",101.57,96.32,123.22,56.62,"m",0
"1/20/21","AP","2021-01","SAPIDUS","F",97.42,95,120,55,"M",0
"10/14/21","DY","2021-10","BOCOURTI","F",94.72,91.56,111.7,55.51,"M",0
"10/17/20","BC","2020-10","SAPIDUS","F",NA,74.4,118,59,"m",0
"1/20/21","AP","2021-01","SAPIDUS","F",167.63,115,141,66,"M",0
"10/20/20","AP","2020-10","BOCOURTI","F",93,75.4,112,55.41,"m",0
"1/20/21","AP","2021-01","SAPIDUS","F",94.1,97,118,57,"M",0
"1/20/21","AP","2021-01","BOCOURTI","F",84.5,89,101,57,"M",0
"4/19/21","AP","2021-04","BOCOURTI","F",73.62,81.25,97.68,50.96,"M",0
"10/14/21","BC","2021-10","SAPIDUS","F",91.9,101.5,131.2,58.7,"M",0
"10/13/21","AP","2021-10","SAPIDUS","M",207.4,116.6,140.15,69.03,"M",0
"10/13/21","AP","2021-10","SIMILIS","M",68.6,82,109.2,47.4,"M",0
"10/13/21","DY","2021-10","SIMILIS","M",93.11,90.6,123.4,52.3,"M",0
"10/14/21","DY","2021-10","SAPIDUS","M",135.2,104.7,131.3,59.8,"M",0
"10/14/21","DY","2021-10","BOCOURTI","M",153.64,101.89,117.24,61.56,"M",0
"10/14/21","DY","2021-10","SAPIDUS","M",12.3,45.5,61.3,27.5,"IM",0
"10/15/21","AP","2021-10","SIMILIS","M",64.29,79.23,102.86,45.84,NA,0
"10/15/21","AP","2021-10","SIMILIS","M",44.1,72.5,93,40.8,NA,0
"10/15/21","DY","2021-10","BOCOURTI","M",102.2,93.9,112.7,56.7,NA,0
"10/15/21","DY","2021-10","SIMILIS","M",73.51,81.06,110.2,48.34,NA,0
"1/20/21","AP","2021-01","SAPIDUS","M",170.67,109,132,65,"M",0
"1/19/21","IM","2021-01","BOCOURTI","M",153.67,99.73,114.16,63.18,"M",0
"1/19/21","IM","2021-01","BOCOURTI","M",146.06,95.62,108.2,61.25,"M",0
"1/19/21","IM","2021-01","BOCOURTI","M",140.33,94.34,106.1,60.97,"M",0
"7/14/21","DY","2021-07","BOCOURTI","M",115.64,92.26,108.86,56.66,"M",0
"1/20/21","IM","2021-01","BOCOURTI","M",125.19,90,107,63,"M",0
"1/20/21","IM","2021-01","BOCOURTI","M",78.84,83,89,50,"M",0
"4/19/21","AP","2021-04","SAPIDUS","M",60.7,81.58,110.42,48.15,"M",0
"4/19/21","DY","2021-04","BOCOURTI","M",56.03,75.37,99.55,44.34,"M",0
"4/19/21","IM","2021-04","BOCOURTI","M",102.82,87.41,108.78,53.97,"M",0
"4/19/21","IM","2021-04","SAPIDUS","M",63.33,83.75,99.13,52.02,"M",0
"4/20/21","AP","2021-04","BOCOURTI","M",71.38,81.63,96.14,52.36,"M",0
"4/20/21","IM","2021-04","BOCOURTI","M",54.21,72.35,88.29,46.95,"M",0
"4/21/21","AP","2021-04","SIMILIS","M",NA,70.9,91.73,40.73,"M",0
"4/21/21","BC","2021-04","SIMILIS","M",75.35,84.41,105.27,48,"M",0
"4/21/21","DY","2021-04","SAPIDUS","M",78.45,88.08,109.98,56.03,"M",0
"4/21/21","DY","2021-04","SAPIDUS","M",79.51,89.22,106.74,56.94,"M",0
"4/21/21","IM","2021-04","BOCOURTI","M",170.77,103.15,120.85,65.65,"M",0
"4/21/21","IM","2021-04","BOCOURTI","M",140.67,96.67,111.12,60.09,"M",0
"4/21/21","IM","2021-04","ORNATUS","M",72.88,78.85,86.69,50.01,"M",0
"7/13/21","AP","2021-07","SIMILIS","M",94.89,90.06,117.08,52.19,"M",0
"7/13/21","BC","2021-07","SIMILIS","M",79.19,84.18,107.12,47.97,"M",0
"7/13/21","DY","2021-07","BOCOURTI","M",89.23,86.27,103,56.26,"M",0
"7/13/21","IM","2021-07","BOCOURTI","M",119.07,93.85,109.46,59.74,"M",0
"7/14/21","IM","2021-07","BOCOURTI","M",160.42,104.25,112.78,64.75,"M",0
"7/15/21","IM","2021-07","SAPIDUS","M",201.86,115.56,140.08,67.8,"M",0
"7/15/21","IM","2021-07","SAPIDUS","M",183.16,112.21,130.07,65.62,"M",0
"7/15/21","IM","2021-07","BOCOURTI","M",127.44,103.34,121.19,62.31,"M",0
"7/15/21","IM","2021-07","BOCOURTI","M",83.87,88.37,100.93,54.43,"M",0
"10/17/20","BC","2020-10","SAPIDUS","M",140.3,83,116,59.08,"-",0
"10/17/20","BC","2020-10","SIMILIS","M",72.7,71,117.27,49.97,"-",0
"10/20/20","AP","2020-10","SAPIDUS","M",102.8,73.4,115,57.67,"-",0
"10/20/20","BC","2020-10","BOCOURTI","M",111.5,84,117.2,60.47,"-",0
"10/20/20","BC","2020-10","SIMILIS","M",58.13,77.16,105.42,47.14,NA,0
"10/20/20","DY","2020-10","SIMILIS","M",113.1,74.6,129.19,56,"-",0
"10/20/20","DY","2020-10","BOCOURTI","M",120.6,77.04,107.2,60.29,"-",0
"10/20/20","DY","2020-10","SIMILIS","M",66.7,68.21,107.53,48,"-",0
"10/20/20","DY","2020-10","SIMILIS","M",80,62.5,111,48.5,"-",0
"10/20/20","DY","2020-10","BOCOURTI","M",70.2,60,98.47,53,"-",0
"10/20/20","DY","2020-10","SAPIDUS","M",92.1,67.04,106,51,"-",0
"10/20/20","DY","2020-10","SIMILIS","M",86.7,68,118,51.4,"-",0
"10/21/20","AP","2020-10","SAPIDUS","M",4.23,NA,43.39,20.63,NA,0
"10/21/20","AP","2020-10","SIMILIS","M",75.71,81.23,106.9,49.17,NA,0
"10/21/20","BC","2020-10","SIMILIS","M",101.71,95.87,125.57,56.11,NA,0
"10/21/20","BC","2020-10","SIMILIS","M",76.36,82.44,109.78,47.84,NA,0
"10/21/20","IM","2020-10","BOCOURTI","M",180.5,106.03,117.02,66.43,NA,0
"10/21/20","IM","2020-10","BOCOURTI","M",131.58,95.07,106.92,60.17,NA,0
"10/21/20","IM","2020-10","ORNATUS","M",64.67,80.36,106.74,46.43,NA,0
"10/17/20","BC","2020-10","BOCOURTI","M",120.6,76.32,109.15,56.69,"-",0
"4/19/21","AP","2021-04","BOCOURTI","F",86.37,84.14,99.12,51.06,"M",1
"10/15/21","AP","2021-10","ORNATUS","F",48.93,70.4,91.61,40.7,NA,1
"10/13/21","AP","2021-10","BOCOURTI","F",88.8,87.83,103.71,51.92,"M",1
"10/13/21","AP","2021-10","ORNATUS","F",63.45,78.71,101.5,45.36,"M",1
"7/13/21","BC","2021-07","SIMILIS","F",47.52,75.49,94.38,43.28,"M",1
"10/14/21","AP","2021-10","BOCOURTI","F",49,73.8,91.2,46.3,"M",1
"7/13/21","BC","2021-07","SIMILIS","F",71.09,76.7,99.9,45.5,"M",1
"4/19/21","AP","2021-04","BOCOURTI","F",98.15,85.95,97.67,52.22,"M",1
"4/20/21","BC","2021-04","SIMILIS","F",54.18,72.69,96.33,46.7,"M",1
"4/19/21","AP","2021-04","BOCOURTI","F",62.07,74.18,85.14,47.75,"M",1
"4/19/21","AP","2021-04","SAPIDUS","F",83.02,89.93,108.56,62.17,"M",1
"1/20/21","AP","2021-01","SAPIDUS","F",128.23,97,125,55,"M",1
"4/20/21","BC","2021-04","SIMILIS","F",38.62,64.93,82.15,38.4,"M",1
"10/15/21","AP","2021-10","SIMILIS","F",41.7,68,88.3,39.8,NA,1
"4/19/21","BC","2021-04","SIMILIS","F",51.74,71.26,93.64,42.92,"M",1
"10/14/21","AP","2021-10","SAPIDUS","F",80.13,84.52,107.23,48.88,"M",1
"10/14/21","DY","2021-10","SAPIDUS","F",68.49,84.69,103.15,48.84,"M",1
"10/15/21","DY","2021-10","BOCOURTI","F",NA,79,94.4,48.9,NA,1
"4/19/21","BC","2021-04","SIMILIS","F",52.1,71.37,91.25,43.87,"M",1
"7/13/21","BC","2021-07","SIMILIS","F",63.14,78.56,95.23,93.21,"M",1
"10/13/21","AP","2021-10","SIMILIS","F",49.14,71.86,86.12,41.56,"M",1
"10/15/21","DY","2021-10","BOCOURTI","F",86.33,81.59,100.38,50.48,NA,1
"7/14/21","BC","2021-07","SIMILIS","F",57.49,74.67,94.5,43.48,"M",1
"10/14/21","AP","2021-10","BOCOURTI","F",101.37,88.71,105.37,54.59,"M",1
"10/20/20","IM","2020-10","SAPIDUS","F",83.67,90.54,114.4,53.96,NA,1
"10/15/21","DY","2021-10","BOCOURTI","F",87.11,88.02,105.06,54.49,NA,1
"10/20/20","IM","2020-10","BOCOURTI","F",53.91,76.54,92.77,47.47,"m",1
"10/20/20","DY","2020-10","ORNATUS","F",148.59,97.62,115.24,58.95,NA,1
"4/21/21","BC","2021-04","SIMILIS","F",49.15,71.93,93.79,42.8,"M",1
"4/21/21","BC","2021-04","SIMILIS","F",63.43,79.2,102.15,45.7,"M",1
"10/20/20","AP","2020-10","BOCOURTI","F",NA,NA,NA,NA,"-",1
"4/21/21","BC","2021-04","SIMILIS","F",53.85,71.45,94.62,42.6,"M",1
"7/14/21","DY","2021-07","ORNATUS","F",117.5,90.59,107.25,55.6,"M",1
"10/20/20","IM","2020-10","BOCOURTI","F",103,60.3,98,51,"n",1
"10/21/20","AP","2020-10","SAPIDUS","F",97.34,90.3,116.75,53.17,NA,1
"10/21/20","DY","2020-10","ORNATUS","F",87.74,84.6,100.15,51.11,NA,1
"10/21/20","DY","2020-10","SAPIDUS","F",91.18,86.51,107.8,50.69,"m",1
"10/21/20","DY","2020-10","ORNATUS","F",72.34,79.82,98.2,48.83,NA,1
"7/14/21","BC","2021-07","SAPIDUS","F",163.55,107.47,146.63,68.47,"M",1
"7/13/21","AP","2021-07","SAPIDUS","F",184.18,107.68,138.89,64.05,"M",1
"4/21/21","BC","2021-04","SIMILIS","F",66.42,78.15,100.82,45.59,"M",1
"7/15/21","BC","2021-07","ORNATUS","F",72.72,81.43,90.85,49.95,"M",0
"10/20/20","AP","2020-10","BOCOURTI","F",72,57,95,49,"m",1
"10/20/20","IM","2020-10","SAPIDUS","F",89,66,111,53,"m",1
"4/21/21","AP","2021-04","SAPIDUS","F",84.52,89.78,115.07,60.77,"M",0
"10/20/20","IM","2020-10","BOCOURTI","F",59.46,80.4,98.47,48.44,"m",0
"10/21/20","AP","2020-10","BOCOURTI","F",73.57,93.09,114.8,55.35,"M",0
"10/20/20","IM","2020-10","ORNATUS","F",159.79,106.32,125.8,65.93,NA,0
"10/21/20","AP","2020-10","ORNATUS","F",79.16,87.58,110.01,51.81,NA,0
"10/20/20","DY","2020-10","ORNATUS","F",65.92,79.16,95.01,49.04,NA,0
"4/19/21","AP","2021-04","BOCOURTI","F",70.87,82.76,92.91,51.52,"M",0
"10/20/20","AP","2020-10","SAPIDUS","F",77,65,108,51.2,"-",0
"10/20/20","AP","2020-10","SAPIDUS","F",111,76,126,59,"m",0
"10/21/20","AP","2020-10","SAPIDUS","F",124.37,103.45,125.56,59.1,NA,0
"4/19/21","BC","2021-04","BOCOURTI","F",100.29,87.03,97.44,53.23,"M",0
"10/21/20","AP","2020-10","SIMILIS","F",98.09,92.06,110.11,55.31,NA,0
"10/20/20","DY","2020-10","SAPIDUS","F",67.25,88.19,118.85,55.09,"-",0
"10/20/20","BC","2020-10","SIMILIS","F",89.25,93.63,115.22,52.35,NA,0
"10/21/20","AP","2020-10","SAPIDUS","F",110.76,103.83,130.41,61.89,NA,0
"10/21/20","AP","2020-10","SAPIDUS","F",115.6,99.26,122.92,57.92,"m",0
"1/20/21","AP","2021-01","SAPIDUS","F",107.07,103,130,64,"M",0
"10/20/20","AP","2020-10","SAPIDUS","F",62,72,109,51,"m",0
"10/20/20","DY","2020-10","BOCOURTI","F",101.8,63.43,101.58,54.5,"m",1
